solid OpenSCAD_Model
  facet normal -1 0 0
    outer loop
      vertex -5.46 -5.08184 18.4
      vertex -5.46 -6.71816 18.4
      vertex -5.46 -5.9 18.6
    endloop
  endfacet
  facet normal 0 -0.237459 0.971398
    outer loop
      vertex -5.46 -5.9 18.6
      vertex 5.46 -6.71816 18.4
      vertex 5.46 -5.9 18.6
    endloop
  endfacet
  facet normal 0 -0.237459 0.971398
    outer loop
      vertex 5.46 -6.71816 18.4
      vertex -5.46 -5.9 18.6
      vertex -5.46 -6.71816 18.4
    endloop
  endfacet
  facet normal 1 0 0
    outer loop
      vertex 5.46 -5.9 18.6
      vertex 5.46 -6.71816 18.4
      vertex 5.46 -5.08184 18.4
    endloop
  endfacet
  facet normal -0 0.237459 0.971398
    outer loop
      vertex -5.46 -5.08184 18.4
      vertex 5.46 -5.9 18.6
      vertex 5.46 -5.08184 18.4
    endloop
  endfacet
  facet normal 0 0.237459 0.971398
    outer loop
      vertex 5.46 -5.9 18.6
      vertex -5.46 -5.08184 18.4
      vertex -5.46 -5.9 18.6
    endloop
  endfacet
  facet normal 0 0 1
    outer loop
      vertex 8.39999 -5.08184 15.46
      vertex 8.39999 -6.71816 15.46
      vertex 8.59999 -5.9 15.46
    endloop
  endfacet
  facet normal -0 0 -1
    outer loop
      vertex 8.59999 -5.9 4.54
      vertex 8.39999 -6.71816 4.54
      vertex 8.39999 -5.08184 4.54
    endloop
  endfacet
  facet normal 0.971398 -0.237459 1.3734e-18
    outer loop
      vertex 8.39999 -6.71816 15.46
      vertex 8.59999 -5.9 4.54
      vertex 8.59999 -5.9 15.46
    endloop
  endfacet
  facet normal 0.971398 -0.237459 1.3734e-18
    outer loop
      vertex 8.59999 -5.9 4.54
      vertex 8.39999 -6.71816 15.46
      vertex 8.39999 -6.71816 4.54
    endloop
  endfacet
  facet normal 0.971398 0.237459 4.37263e-19
    outer loop
      vertex 8.59999 -5.9 15.46
      vertex 8.39999 -5.08184 4.54
      vertex 8.39999 -5.08184 15.46
    endloop
  endfacet
  facet normal 0.971398 0.237459 4.37263e-19
    outer loop
      vertex 8.39999 -5.08184 4.54
      vertex 8.59999 -5.9 15.46
      vertex 8.59999 -5.9 4.54
    endloop
  endfacet
  facet normal 1 0 0
    outer loop
      vertex 5.46 -5.08184 1.60001
      vertex 5.46 -6.71816 1.60001
      vertex 5.46 -5.9 1.40001
    endloop
  endfacet
  facet normal -1 0 0
    outer loop
      vertex -5.46 -5.9 1.40001
      vertex -5.46 -6.71816 1.60001
      vertex -5.46 -5.08184 1.60001
    endloop
  endfacet
  facet normal 0 -0.237459 -0.971398
    outer loop
      vertex -5.46 -6.71816 1.60001
      vertex 5.46 -5.9 1.40001
      vertex 5.46 -6.71816 1.60001
    endloop
  endfacet
  facet normal -0 -0.237459 -0.971398
    outer loop
      vertex 5.46 -5.9 1.40001
      vertex -5.46 -6.71816 1.60001
      vertex -5.46 -5.9 1.40001
    endloop
  endfacet
  facet normal 0 0.237459 -0.971398
    outer loop
      vertex -5.46 -5.9 1.40001
      vertex 5.46 -5.08184 1.60001
      vertex 5.46 -5.9 1.40001
    endloop
  endfacet
  facet normal 0 0.237459 -0.971398
    outer loop
      vertex 5.46 -5.08184 1.60001
      vertex -5.46 -5.9 1.40001
      vertex -5.46 -5.08184 1.60001
    endloop
  endfacet
  facet normal 0 0 -1
    outer loop
      vertex -8.39999 -6.71816 4.54
      vertex -8.59999 -5.9 4.54
      vertex -8.39999 -5.08184 4.54
    endloop
  endfacet
  facet normal -0.971398 -0.237459 -1.3734e-18
    outer loop
      vertex -8.39999 -6.71816 4.54
      vertex -8.59999 -5.9 15.46
      vertex -8.59999 -5.9 4.54
    endloop
  endfacet
  facet normal -0.971398 -0.237459 -1.3734e-18
    outer loop
      vertex -8.59999 -5.9 15.46
      vertex -8.39999 -6.71816 4.54
      vertex -8.39999 -6.71816 15.46
    endloop
  endfacet
  facet normal 0 0 1
    outer loop
      vertex -8.39999 -5.08184 15.46
      vertex -8.59999 -5.9 15.46
      vertex -8.39999 -6.71816 15.46
    endloop
  endfacet
  facet normal -0.971398 0.237459 -4.37263e-19
    outer loop
      vertex -8.59999 -5.9 4.54
      vertex -8.39999 -5.08184 15.46
      vertex -8.39999 -5.08184 4.54
    endloop
  endfacet
  facet normal -0.971398 0.237459 -4.37263e-19
    outer loop
      vertex -8.39999 -5.08184 15.46
      vertex -8.59999 -5.9 4.54
      vertex -8.59999 -5.9 15.46
    endloop
  endfacet
  facet normal -1 0 0
    outer loop
      vertex -5.46 -13.3818 18.4
      vertex -5.46 -15.0182 18.4
      vertex -5.46 -14.2 18.6
    endloop
  endfacet
  facet normal 1 0 0
    outer loop
      vertex 5.46 -14.2 18.6
      vertex 5.46 -15.0182 18.4
      vertex 5.46 -13.3818 18.4
    endloop
  endfacet
  facet normal 0 -0.237448 0.9714
    outer loop
      vertex -5.46 -14.2 18.6
      vertex 5.46 -15.0182 18.4
      vertex 5.46 -14.2 18.6
    endloop
  endfacet
  facet normal 0 -0.237448 0.9714
    outer loop
      vertex 5.46 -15.0182 18.4
      vertex -5.46 -14.2 18.6
      vertex -5.46 -15.0182 18.4
    endloop
  endfacet
  facet normal -0 0.237448 0.9714
    outer loop
      vertex -5.46 -13.3818 18.4
      vertex 5.46 -14.2 18.6
      vertex 5.46 -13.3818 18.4
    endloop
  endfacet
  facet normal 0 0.237448 0.9714
    outer loop
      vertex 5.46 -14.2 18.6
      vertex -5.46 -13.3818 18.4
      vertex -5.46 -14.2 18.6
    endloop
  endfacet
  facet normal 0 0 1
    outer loop
      vertex 8.39999 -13.3818 15.46
      vertex 8.39999 -15.0182 15.46
      vertex 8.59999 -14.2 15.46
    endloop
  endfacet
  facet normal -0 0 -1
    outer loop
      vertex 8.59999 -14.2 4.54
      vertex 8.39999 -15.0182 4.54
      vertex 8.39999 -13.3818 4.54
    endloop
  endfacet
  facet normal 0.9714 -0.237448 1.37025e-18
    outer loop
      vertex 8.39999 -15.0182 15.46
      vertex 8.59999 -14.2 4.54
      vertex 8.59999 -14.2 15.46
    endloop
  endfacet
  facet normal 0.9714 -0.237448 1.37025e-18
    outer loop
      vertex 8.59999 -14.2 4.54
      vertex 8.39999 -15.0182 15.46
      vertex 8.39999 -15.0182 4.54
    endloop
  endfacet
  facet normal 0.9714 0.237448 1.04386e-18
    outer loop
      vertex 8.59999 -14.2 15.46
      vertex 8.39999 -13.3818 4.54
      vertex 8.39999 -13.3818 15.46
    endloop
  endfacet
  facet normal 0.9714 0.237448 1.04386e-18
    outer loop
      vertex 8.39999 -13.3818 4.54
      vertex 8.59999 -14.2 15.46
      vertex 8.59999 -14.2 4.54
    endloop
  endfacet
  facet normal 1 0 0
    outer loop
      vertex 5.46 -13.3818 1.60001
      vertex 5.46 -15.0182 1.60001
      vertex 5.46 -14.2 1.40001
    endloop
  endfacet
  facet normal -1 0 0
    outer loop
      vertex -5.46 -14.2 1.40001
      vertex -5.46 -15.0182 1.60001
      vertex -5.46 -13.3818 1.60001
    endloop
  endfacet
  facet normal 0 -0.237448 -0.9714
    outer loop
      vertex -5.46 -15.0182 1.60001
      vertex 5.46 -14.2 1.40001
      vertex 5.46 -15.0182 1.60001
    endloop
  endfacet
  facet normal -0 -0.237448 -0.9714
    outer loop
      vertex 5.46 -14.2 1.40001
      vertex -5.46 -15.0182 1.60001
      vertex -5.46 -14.2 1.40001
    endloop
  endfacet
  facet normal 0 0.237448 -0.9714
    outer loop
      vertex -5.46 -14.2 1.40001
      vertex 5.46 -13.3818 1.60001
      vertex 5.46 -14.2 1.40001
    endloop
  endfacet
  facet normal 0 0.237448 -0.9714
    outer loop
      vertex 5.46 -13.3818 1.60001
      vertex -5.46 -14.2 1.40001
      vertex -5.46 -13.3818 1.60001
    endloop
  endfacet
  facet normal 0 0 -1
    outer loop
      vertex -8.39999 -15.0182 4.54
      vertex -8.59999 -14.2 4.54
      vertex -8.39999 -13.3818 4.54
    endloop
  endfacet
  facet normal -0.9714 -0.237448 -1.37025e-18
    outer loop
      vertex -8.39999 -15.0182 4.54
      vertex -8.59999 -14.2 15.46
      vertex -8.59999 -14.2 4.54
    endloop
  endfacet
  facet normal -0.9714 -0.237448 -1.37025e-18
    outer loop
      vertex -8.59999 -14.2 15.46
      vertex -8.39999 -15.0182 4.54
      vertex -8.39999 -15.0182 15.46
    endloop
  endfacet
  facet normal 0 0 1
    outer loop
      vertex -8.39999 -13.3818 15.46
      vertex -8.59999 -14.2 15.46
      vertex -8.39999 -15.0182 15.46
    endloop
  endfacet
  facet normal -0.9714 0.237448 -1.04386e-18
    outer loop
      vertex -8.59999 -14.2 4.54
      vertex -8.39999 -13.3818 15.46
      vertex -8.39999 -13.3818 4.54
    endloop
  endfacet
  facet normal -0.9714 0.237448 -1.04386e-18
    outer loop
      vertex -8.39999 -13.3818 15.46
      vertex -8.59999 -14.2 4.54
      vertex -8.59999 -14.2 15.46
    endloop
  endfacet
  facet normal -1 0 0
    outer loop
      vertex -5.46 -21.6818 18.4
      vertex -5.46 -23.3182 18.4
      vertex -5.46 -22.5 18.6
    endloop
  endfacet
  facet normal 0 -0.237448 0.9714
    outer loop
      vertex -5.46 -22.5 18.6
      vertex 5.46 -23.3182 18.4
      vertex 5.46 -22.5 18.6
    endloop
  endfacet
  facet normal 0 -0.237448 0.9714
    outer loop
      vertex 5.46 -23.3182 18.4
      vertex -5.46 -22.5 18.6
      vertex -5.46 -23.3182 18.4
    endloop
  endfacet
  facet normal 1 0 0
    outer loop
      vertex 5.46 -22.5 18.6
      vertex 5.46 -23.3182 18.4
      vertex 5.46 -21.6818 18.4
    endloop
  endfacet
  facet normal -0 0.237448 0.9714
    outer loop
      vertex -5.46 -21.6818 18.4
      vertex 5.46 -22.5 18.6
      vertex 5.46 -21.6818 18.4
    endloop
  endfacet
  facet normal 0 0.237448 0.9714
    outer loop
      vertex 5.46 -22.5 18.6
      vertex -5.46 -21.6818 18.4
      vertex -5.46 -22.5 18.6
    endloop
  endfacet
  facet normal 0 0 1
    outer loop
      vertex 8.39999 -21.6818 15.46
      vertex 8.39999 -23.3182 15.46
      vertex 8.59999 -22.5 15.46
    endloop
  endfacet
  facet normal -0 0 -1
    outer loop
      vertex 8.59999 -22.5 4.54
      vertex 8.39999 -23.3182 4.54
      vertex 8.39999 -21.6818 4.54
    endloop
  endfacet
  facet normal 0.9714 -0.237448 1.37025e-18
    outer loop
      vertex 8.39999 -23.3182 15.46
      vertex 8.59999 -22.5 4.54
      vertex 8.59999 -22.5 15.46
    endloop
  endfacet
  facet normal 0.9714 -0.237448 1.37025e-18
    outer loop
      vertex 8.59999 -22.5 4.54
      vertex 8.39999 -23.3182 15.46
      vertex 8.39999 -23.3182 4.54
    endloop
  endfacet
  facet normal 0.9714 0.237448 -1.37025e-18
    outer loop
      vertex 8.59999 -22.5 15.46
      vertex 8.39999 -21.6818 4.54
      vertex 8.39999 -21.6818 15.46
    endloop
  endfacet
  facet normal 0.9714 0.237448 -1.37025e-18
    outer loop
      vertex 8.39999 -21.6818 4.54
      vertex 8.59999 -22.5 15.46
      vertex 8.59999 -22.5 4.54
    endloop
  endfacet
  facet normal 1 0 0
    outer loop
      vertex 5.46 -21.6818 1.60001
      vertex 5.46 -23.3182 1.60001
      vertex 5.46 -22.5 1.40001
    endloop
  endfacet
  facet normal -1 0 0
    outer loop
      vertex -5.46 -22.5 1.40001
      vertex -5.46 -23.3182 1.60001
      vertex -5.46 -21.6818 1.60001
    endloop
  endfacet
  facet normal 0 -0.237448 -0.9714
    outer loop
      vertex -5.46 -23.3182 1.60001
      vertex 5.46 -22.5 1.40001
      vertex 5.46 -23.3182 1.60001
    endloop
  endfacet
  facet normal -0 -0.237448 -0.9714
    outer loop
      vertex 5.46 -22.5 1.40001
      vertex -5.46 -23.3182 1.60001
      vertex -5.46 -22.5 1.40001
    endloop
  endfacet
  facet normal 0 0.237448 -0.9714
    outer loop
      vertex -5.46 -22.5 1.40001
      vertex 5.46 -21.6818 1.60001
      vertex 5.46 -22.5 1.40001
    endloop
  endfacet
  facet normal 0 0.237448 -0.9714
    outer loop
      vertex 5.46 -21.6818 1.60001
      vertex -5.46 -22.5 1.40001
      vertex -5.46 -21.6818 1.60001
    endloop
  endfacet
  facet normal 0 0 -1
    outer loop
      vertex -8.39999 -23.3182 4.54
      vertex -8.59999 -22.5 4.54
      vertex -8.39999 -21.6818 4.54
    endloop
  endfacet
  facet normal -0.9714 -0.237448 -1.37025e-18
    outer loop
      vertex -8.39999 -23.3182 4.54
      vertex -8.59999 -22.5 15.46
      vertex -8.59999 -22.5 4.54
    endloop
  endfacet
  facet normal -0.9714 -0.237448 -1.37025e-18
    outer loop
      vertex -8.59999 -22.5 15.46
      vertex -8.39999 -23.3182 4.54
      vertex -8.39999 -23.3182 15.46
    endloop
  endfacet
  facet normal 0 0 1
    outer loop
      vertex -8.39999 -21.6818 15.46
      vertex -8.59999 -22.5 15.46
      vertex -8.39999 -23.3182 15.46
    endloop
  endfacet
  facet normal -0.9714 0.237448 1.37025e-18
    outer loop
      vertex -8.59999 -22.5 4.54
      vertex -8.39999 -21.6818 15.46
      vertex -8.39999 -21.6818 4.54
    endloop
  endfacet
  facet normal -0.9714 0.237448 1.37025e-18
    outer loop
      vertex -8.39999 -21.6818 15.46
      vertex -8.59999 -22.5 4.54
      vertex -8.59999 -22.5 15.46
    endloop
  endfacet
  facet normal -1 0 0
    outer loop
      vertex -5.46 -29.9818 18.4
      vertex -5.46 -31.6182 18.4
      vertex -5.46 -30.8 18.6
    endloop
  endfacet
  facet normal 1 0 0
    outer loop
      vertex 5.46 -30.8 18.6
      vertex 5.46 -31.6182 18.4
      vertex 5.46 -29.9818 18.4
    endloop
  endfacet
  facet normal 0 -0.237448 0.9714
    outer loop
      vertex -5.46 -30.8 18.6
      vertex 5.46 -31.6182 18.4
      vertex 5.46 -30.8 18.6
    endloop
  endfacet
  facet normal 0 -0.237448 0.9714
    outer loop
      vertex 5.46 -31.6182 18.4
      vertex -5.46 -30.8 18.6
      vertex -5.46 -31.6182 18.4
    endloop
  endfacet
  facet normal -0 0.237448 0.9714
    outer loop
      vertex -5.46 -29.9818 18.4
      vertex 5.46 -30.8 18.6
      vertex 5.46 -29.9818 18.4
    endloop
  endfacet
  facet normal 0 0.237448 0.9714
    outer loop
      vertex 5.46 -30.8 18.6
      vertex -5.46 -29.9818 18.4
      vertex -5.46 -30.8 18.6
    endloop
  endfacet
  facet normal 0 0 1
    outer loop
      vertex 8.39999 -29.9818 15.46
      vertex 8.39999 -31.6182 15.46
      vertex 8.59999 -30.8 15.46
    endloop
  endfacet
  facet normal -0 0 -1
    outer loop
      vertex 8.59999 -30.8 4.54
      vertex 8.39999 -31.6182 4.54
      vertex 8.39999 -29.9818 4.54
    endloop
  endfacet
  facet normal 0.9714 -0.237448 1.37025e-18
    outer loop
      vertex 8.39999 -31.6182 15.46
      vertex 8.59999 -30.8 4.54
      vertex 8.59999 -30.8 15.46
    endloop
  endfacet
  facet normal 0.9714 -0.237448 1.37025e-18
    outer loop
      vertex 8.59999 -30.8 4.54
      vertex 8.39999 -31.6182 15.46
      vertex 8.39999 -31.6182 4.54
    endloop
  endfacet
  facet normal 0.9714 0.237448 -1.37025e-18
    outer loop
      vertex 8.59999 -30.8 15.46
      vertex 8.39999 -29.9818 4.54
      vertex 8.39999 -29.9818 15.46
    endloop
  endfacet
  facet normal 0.9714 0.237448 -1.37025e-18
    outer loop
      vertex 8.39999 -29.9818 4.54
      vertex 8.59999 -30.8 15.46
      vertex 8.59999 -30.8 4.54
    endloop
  endfacet
  facet normal 1 0 0
    outer loop
      vertex 5.46 -29.9818 1.60001
      vertex 5.46 -31.6182 1.60001
      vertex 5.46 -30.8 1.40001
    endloop
  endfacet
  facet normal -1 0 0
    outer loop
      vertex -5.46 -30.8 1.40001
      vertex -5.46 -31.6182 1.60001
      vertex -5.46 -29.9818 1.60001
    endloop
  endfacet
  facet normal 0 -0.237448 -0.9714
    outer loop
      vertex -5.46 -31.6182 1.60001
      vertex 5.46 -30.8 1.40001
      vertex 5.46 -31.6182 1.60001
    endloop
  endfacet
  facet normal -0 -0.237448 -0.9714
    outer loop
      vertex 5.46 -30.8 1.40001
      vertex -5.46 -31.6182 1.60001
      vertex -5.46 -30.8 1.40001
    endloop
  endfacet
  facet normal 0 0.237448 -0.9714
    outer loop
      vertex -5.46 -30.8 1.40001
      vertex 5.46 -29.9818 1.60001
      vertex 5.46 -30.8 1.40001
    endloop
  endfacet
  facet normal 0 0.237448 -0.9714
    outer loop
      vertex 5.46 -29.9818 1.60001
      vertex -5.46 -30.8 1.40001
      vertex -5.46 -29.9818 1.60001
    endloop
  endfacet
  facet normal 0 0 -1
    outer loop
      vertex -8.39999 -31.6182 4.54
      vertex -8.59999 -30.8 4.54
      vertex -8.39999 -29.9818 4.54
    endloop
  endfacet
  facet normal -0.9714 -0.237448 -1.37025e-18
    outer loop
      vertex -8.39999 -31.6182 4.54
      vertex -8.59999 -30.8 15.46
      vertex -8.59999 -30.8 4.54
    endloop
  endfacet
  facet normal -0.9714 -0.237448 -1.37025e-18
    outer loop
      vertex -8.59999 -30.8 15.46
      vertex -8.39999 -31.6182 4.54
      vertex -8.39999 -31.6182 15.46
    endloop
  endfacet
  facet normal 0 0 1
    outer loop
      vertex -8.39999 -29.9818 15.46
      vertex -8.59999 -30.8 15.46
      vertex -8.39999 -31.6182 15.46
    endloop
  endfacet
  facet normal -0.9714 0.237448 1.37025e-18
    outer loop
      vertex -8.59999 -30.8 4.54
      vertex -8.39999 -29.9818 15.46
      vertex -8.39999 -29.9818 4.54
    endloop
  endfacet
  facet normal -0.9714 0.237448 1.37025e-18
    outer loop
      vertex -8.39999 -29.9818 15.46
      vertex -8.59999 -30.8 4.54
      vertex -8.59999 -30.8 15.46
    endloop
  endfacet
  facet normal -1 0 0
    outer loop
      vertex -5.46 -38.2818 18.4
      vertex -5.46 -39.9182 18.4
      vertex -5.46 -39.1 18.6
    endloop
  endfacet
  facet normal 0 -0.237448 0.9714
    outer loop
      vertex -5.46 -39.1 18.6
      vertex 5.46 -39.9182 18.4
      vertex 5.46 -39.1 18.6
    endloop
  endfacet
  facet normal 0 -0.237448 0.9714
    outer loop
      vertex 5.46 -39.9182 18.4
      vertex -5.46 -39.1 18.6
      vertex -5.46 -39.9182 18.4
    endloop
  endfacet
  facet normal 1 0 0
    outer loop
      vertex 5.46 -39.1 18.6
      vertex 5.46 -39.9182 18.4
      vertex 5.46 -38.2818 18.4
    endloop
  endfacet
  facet normal -0 0.237448 0.9714
    outer loop
      vertex -5.46 -38.2818 18.4
      vertex 5.46 -39.1 18.6
      vertex 5.46 -38.2818 18.4
    endloop
  endfacet
  facet normal 0 0.237448 0.9714
    outer loop
      vertex 5.46 -39.1 18.6
      vertex -5.46 -38.2818 18.4
      vertex -5.46 -39.1 18.6
    endloop
  endfacet
  facet normal 0 0 1
    outer loop
      vertex 8.39999 -38.2818 15.46
      vertex 8.39999 -39.9182 15.46
      vertex 8.59999 -39.1 15.46
    endloop
  endfacet
  facet normal -0 0 -1
    outer loop
      vertex 8.59999 -39.1 4.54
      vertex 8.39999 -39.9182 4.54
      vertex 8.39999 -38.2818 4.54
    endloop
  endfacet
  facet normal 0.9714 -0.237448 -4.40333e-19
    outer loop
      vertex 8.39999 -39.9182 15.46
      vertex 8.59999 -39.1 4.54
      vertex 8.59999 -39.1 15.46
    endloop
  endfacet
  facet normal 0.9714 -0.237448 -4.40333e-19
    outer loop
      vertex 8.59999 -39.1 4.54
      vertex 8.39999 -39.9182 15.46
      vertex 8.39999 -39.9182 4.54
    endloop
  endfacet
  facet normal 0.9714 0.237448 -1.63194e-19
    outer loop
      vertex 8.59999 -39.1 15.46
      vertex 8.39999 -38.2818 4.54
      vertex 8.39999 -38.2818 15.46
    endloop
  endfacet
  facet normal 0.9714 0.237448 -1.63194e-19
    outer loop
      vertex 8.39999 -38.2818 4.54
      vertex 8.59999 -39.1 15.46
      vertex 8.59999 -39.1 4.54
    endloop
  endfacet
  facet normal 1 0 0
    outer loop
      vertex 5.46 -38.2818 1.60001
      vertex 5.46 -39.9182 1.60001
      vertex 5.46 -39.1 1.40001
    endloop
  endfacet
  facet normal -1 0 0
    outer loop
      vertex -5.46 -39.1 1.40001
      vertex -5.46 -39.9182 1.60001
      vertex -5.46 -38.2818 1.60001
    endloop
  endfacet
  facet normal 0 -0.237448 -0.9714
    outer loop
      vertex -5.46 -39.9182 1.60001
      vertex 5.46 -39.1 1.40001
      vertex 5.46 -39.9182 1.60001
    endloop
  endfacet
  facet normal -0 -0.237448 -0.9714
    outer loop
      vertex 5.46 -39.1 1.40001
      vertex -5.46 -39.9182 1.60001
      vertex -5.46 -39.1 1.40001
    endloop
  endfacet
  facet normal 0 0.237448 -0.9714
    outer loop
      vertex -5.46 -39.1 1.40001
      vertex 5.46 -38.2818 1.60001
      vertex 5.46 -39.1 1.40001
    endloop
  endfacet
  facet normal 0 0.237448 -0.9714
    outer loop
      vertex 5.46 -38.2818 1.60001
      vertex -5.46 -39.1 1.40001
      vertex -5.46 -38.2818 1.60001
    endloop
  endfacet
  facet normal 0 0 -1
    outer loop
      vertex -8.39999 -39.9182 4.54
      vertex -8.59999 -39.1 4.54
      vertex -8.39999 -38.2818 4.54
    endloop
  endfacet
  facet normal -0.9714 -0.237448 4.40333e-19
    outer loop
      vertex -8.39999 -39.9182 4.54
      vertex -8.59999 -39.1 15.46
      vertex -8.59999 -39.1 4.54
    endloop
  endfacet
  facet normal -0.9714 -0.237448 4.40333e-19
    outer loop
      vertex -8.59999 -39.1 15.46
      vertex -8.39999 -39.9182 4.54
      vertex -8.39999 -39.9182 15.46
    endloop
  endfacet
  facet normal 0 0 1
    outer loop
      vertex -8.39999 -38.2818 15.46
      vertex -8.59999 -39.1 15.46
      vertex -8.39999 -39.9182 15.46
    endloop
  endfacet
  facet normal -0.9714 0.237448 1.63194e-19
    outer loop
      vertex -8.59999 -39.1 4.54
      vertex -8.39999 -38.2818 15.46
      vertex -8.39999 -38.2818 4.54
    endloop
  endfacet
  facet normal -0.9714 0.237448 1.63194e-19
    outer loop
      vertex -8.39999 -38.2818 15.46
      vertex -8.59999 -39.1 4.54
      vertex -8.59999 -39.1 15.46
    endloop
  endfacet
  facet normal -0.903997 0 0.427539
    outer loop
      vertex -8.32387 -42.02 17.7827
      vertex -8.28192 0 17.8714
      vertex -8.32387 0 17.7827
    endloop
  endfacet
  facet normal -0.903997 0 0.427539
    outer loop
      vertex -8.28192 0 17.8714
      vertex -8.32387 -42.02 17.7827
      vertex -8.28192 -42.02 17.8714
    endloop
  endfacet
  facet normal 0 0 -1
    outer loop
      vertex -5.46 -13.3818 1.60001
      vertex 5.46 -6.71816 1.60001
      vertex 5.46 -13.3818 1.60001
    endloop
  endfacet
  facet normal -0 0 -1
    outer loop
      vertex 5.46 -6.71816 1.60001
      vertex -5.46 -13.3818 1.60001
      vertex -5.46 -6.71816 1.60001
    endloop
  endfacet
  facet normal 0 0 -1
    outer loop
      vertex -5.46 -21.6818 1.60001
      vertex 5.46 -15.0182 1.60001
      vertex 5.46 -21.6818 1.60001
    endloop
  endfacet
  facet normal -0 0 -1
    outer loop
      vertex 5.46 -15.0182 1.60001
      vertex -5.46 -21.6818 1.60001
      vertex -5.46 -15.0182 1.60001
    endloop
  endfacet
  facet normal 0 0 -1
    outer loop
      vertex -5.46 -29.9818 1.60001
      vertex 5.46 -23.3182 1.60001
      vertex 5.46 -29.9818 1.60001
    endloop
  endfacet
  facet normal -0 0 -1
    outer loop
      vertex 5.46 -23.3182 1.60001
      vertex -5.46 -29.9818 1.60001
      vertex -5.46 -23.3182 1.60001
    endloop
  endfacet
  facet normal 0 0 -1
    outer loop
      vertex -5.46 -38.2818 1.60001
      vertex 5.46 -31.6182 1.60001
      vertex 5.46 -38.2818 1.60001
    endloop
  endfacet
  facet normal -0 0 -1
    outer loop
      vertex 5.46 -31.6182 1.60001
      vertex -5.46 -38.2818 1.60001
      vertex -5.46 -31.6182 1.60001
    endloop
  endfacet
  facet normal 0 0 -1
    outer loop
      vertex 5.46 -38.2818 1.60001
      vertex 7.39999 -42.02 1.60001
      vertex 5.46 -39.9182 1.60001
    endloop
  endfacet
  facet normal 0 0 -1
    outer loop
      vertex 7.39999 -42.02 1.60001
      vertex -5.46 -39.9182 1.60001
      vertex 5.46 -39.9182 1.60001
    endloop
  endfacet
  facet normal 0 0 -1
    outer loop
      vertex -7.39999 -42.02 1.60001
      vertex -5.46 -38.2818 1.60001
      vertex -5.46 -39.9182 1.60001
    endloop
  endfacet
  facet normal -0 0 -1
    outer loop
      vertex -5.46 -38.2818 1.60001
      vertex -7.39999 -42.02 1.60001
      vertex -5.46 -31.6182 1.60001
    endloop
  endfacet
  facet normal -0 0 -1
    outer loop
      vertex -5.46 -31.6182 1.60001
      vertex -7.39999 -42.02 1.60001
      vertex -5.46 -29.9818 1.60001
    endloop
  endfacet
  facet normal -0 0 -1
    outer loop
      vertex -5.46 -29.9818 1.60001
      vertex -7.39999 -42.02 1.60001
      vertex -5.46 -23.3182 1.60001
    endloop
  endfacet
  facet normal -0 0 -1
    outer loop
      vertex -5.46 -23.3182 1.60001
      vertex -7.39999 -42.02 1.60001
      vertex -5.46 -21.6818 1.60001
    endloop
  endfacet
  facet normal 0 0 -1
    outer loop
      vertex -7.39999 0 1.60001
      vertex -5.46 -21.6818 1.60001
      vertex -7.39999 -42.02 1.60001
    endloop
  endfacet
  facet normal 0 0 -1
    outer loop
      vertex -5.46 -21.6818 1.60001
      vertex -7.39999 0 1.60001
      vertex -5.46 -15.0182 1.60001
    endloop
  endfacet
  facet normal 0 0 -1
    outer loop
      vertex -5.46 -15.0182 1.60001
      vertex -7.39999 0 1.60001
      vertex -5.46 -13.3818 1.60001
    endloop
  endfacet
  facet normal 0 0 -1
    outer loop
      vertex -5.46 -13.3818 1.60001
      vertex -7.39999 0 1.60001
      vertex -5.46 -6.71816 1.60001
    endloop
  endfacet
  facet normal 0 0 -1
    outer loop
      vertex -7.39999 -42.02 1.60001
      vertex -5.46 -39.9182 1.60001
      vertex 7.39999 -42.02 1.60001
    endloop
  endfacet
  facet normal 0 0 -1
    outer loop
      vertex 5.46 -31.6182 1.60001
      vertex 7.39999 -42.02 1.60001
      vertex 5.46 -38.2818 1.60001
    endloop
  endfacet
  facet normal 0 0 -1
    outer loop
      vertex 5.46 -29.9818 1.60001
      vertex 7.39999 -42.02 1.60001
      vertex 5.46 -31.6182 1.60001
    endloop
  endfacet
  facet normal 0 0 -1
    outer loop
      vertex 5.46 -23.3182 1.60001
      vertex 7.39999 -42.02 1.60001
      vertex 5.46 -29.9818 1.60001
    endloop
  endfacet
  facet normal 0 0 -1
    outer loop
      vertex 5.46 -21.6818 1.60001
      vertex 7.39999 -42.02 1.60001
      vertex 5.46 -23.3182 1.60001
    endloop
  endfacet
  facet normal 0 0 -1
    outer loop
      vertex 7.39999 -42.02 1.60001
      vertex 5.46 -21.6818 1.60001
      vertex 7.39999 0 1.60001
    endloop
  endfacet
  facet normal 0 0 -1
    outer loop
      vertex 5.46 -15.0182 1.60001
      vertex 7.39999 0 1.60001
      vertex 5.46 -21.6818 1.60001
    endloop
  endfacet
  facet normal 0 0 -1
    outer loop
      vertex 5.46 -13.3818 1.60001
      vertex 7.39999 0 1.60001
      vertex 5.46 -15.0182 1.60001
    endloop
  endfacet
  facet normal 0 0 -1
    outer loop
      vertex 5.46 -6.71816 1.60001
      vertex 7.39999 0 1.60001
      vertex 5.46 -13.3818 1.60001
    endloop
  endfacet
  facet normal 0 0 -1
    outer loop
      vertex 5.46 -5.08184 1.60001
      vertex 7.39999 0 1.60001
      vertex 5.46 -6.71816 1.60001
    endloop
  endfacet
  facet normal 0 0 -1
    outer loop
      vertex -5.46 -5.08184 1.60001
      vertex 7.39999 0 1.60001
      vertex 5.46 -5.08184 1.60001
    endloop
  endfacet
  facet normal 0 0 -1
    outer loop
      vertex -5.46 -5.08184 1.60001
      vertex -7.39999 0 1.60001
      vertex 7.39999 0 1.60001
    endloop
  endfacet
  facet normal 0 0 -1
    outer loop
      vertex -5.46 -6.71816 1.60001
      vertex -7.39999 0 1.60001
      vertex -5.46 -5.08184 1.60001
    endloop
  endfacet
  facet normal -0.970023 0 0.243015
    outer loop
      vertex -8.38078 -42.02 17.5951
      vertex -8.35693 0 17.6903
      vertex -8.38078 0 17.5951
    endloop
  endfacet
  facet normal -0.970023 0 0.243015
    outer loop
      vertex -8.35693 0 17.6903
      vertex -8.38078 -42.02 17.5951
      vertex -8.35693 -42.02 17.6903
    endloop
  endfacet
  facet normal -0.336336 -3.16452e-20 0.941742
    outer loop
      vertex -7.78268 0 18.3239
      vertex -7.69028 -42.02 18.3569
      vertex -7.69028 0 18.3569
    endloop
  endfacet
  facet normal -0.336336 -3.16452e-20 0.941742
    outer loop
      vertex -7.69028 -42.02 18.3569
      vertex -7.78268 0 18.3239
      vertex -7.78268 -42.02 18.3239
    endloop
  endfacet
  facet normal 0 -1 0
    outer loop
      vertex -12.5 0 20
      vertex -7.39999 0 18.4
      vertex 12.5 0 20
    endloop
  endfacet
  facet normal 0 -1 0
    outer loop
      vertex -12.5 0 20
      vertex -7.49802 0 18.3952
      vertex -7.39999 0 18.4
    endloop
  endfacet
  facet normal 0 -1 0
    outer loop
      vertex -12.5 0 20
      vertex -7.59508 0 18.3808
      vertex -7.49802 0 18.3952
    endloop
  endfacet
  facet normal 0 -1 0
    outer loop
      vertex -12.5 0 20
      vertex -7.69028 0 18.3569
      vertex -7.59508 0 18.3808
    endloop
  endfacet
  facet normal 0 -1 0
    outer loop
      vertex -12.5 0 20
      vertex -7.78268 0 18.3239
      vertex -7.69028 0 18.3569
    endloop
  endfacet
  facet normal 0 -1 0
    outer loop
      vertex -12.5 0 20
      vertex -7.87138 0 18.2819
      vertex -7.78268 0 18.3239
    endloop
  endfacet
  facet normal 0 -1 0
    outer loop
      vertex -12.5 0 20
      vertex -7.95557 0 18.2315
      vertex -7.87138 0 18.2819
    endloop
  endfacet
  facet normal 0 -1 0
    outer loop
      vertex -12.5 0 20
      vertex -8.03439 0 18.173
      vertex -7.95557 0 18.2315
    endloop
  endfacet
  facet normal 0 -1 0
    outer loop
      vertex -12.5 0 20
      vertex -8.1071 0 18.1071
      vertex -8.03439 0 18.173
    endloop
  endfacet
  facet normal 0 -1 0
    outer loop
      vertex -12.5 0 20
      vertex -8.173 0 18.0344
      vertex -8.1071 0 18.1071
    endloop
  endfacet
  facet normal 0 -1 0
    outer loop
      vertex -12.5 0 20
      vertex -8.23146 0 17.9556
      vertex -8.173 0 18.0344
    endloop
  endfacet
  facet normal 0 -1 0
    outer loop
      vertex -12.5 0 20
      vertex -8.28192 0 17.8714
      vertex -8.23146 0 17.9556
    endloop
  endfacet
  facet normal 0 -1 0
    outer loop
      vertex -12.5 0 20
      vertex -8.32387 0 17.7827
      vertex -8.28192 0 17.8714
    endloop
  endfacet
  facet normal 0 -1 0
    outer loop
      vertex -12.5 0 20
      vertex -8.35693 0 17.6903
      vertex -8.32387 0 17.7827
    endloop
  endfacet
  facet normal 0 -1 0
    outer loop
      vertex -12.5 0 20
      vertex -8.38078 0 17.5951
      vertex -8.35693 0 17.6903
    endloop
  endfacet
  facet normal 0 -1 0
    outer loop
      vertex -12.5 0 20
      vertex -8.39517 0 17.498
      vertex -8.38078 0 17.5951
    endloop
  endfacet
  facet normal 0 -1 0
    outer loop
      vertex -12.5 0 20
      vertex -8.39999 0 17.4
      vertex -8.39517 0 17.498
    endloop
  endfacet
  facet normal 0 -1 0
    outer loop
      vertex -12.5 0 20
      vertex -8.39999 0 2.60001
      vertex -8.39999 0 17.4
    endloop
  endfacet
  facet normal 0 -1 0
    outer loop
      vertex -12.5 0 0
      vertex -8.39999 0 2.60001
      vertex -12.5 0 20
    endloop
  endfacet
  facet normal 0 -1 -0
    outer loop
      vertex -8.39999 0 2.60001
      vertex -12.5 0 0
      vertex -8.39517 0 2.50198
    endloop
  endfacet
  facet normal 0 -1 -0
    outer loop
      vertex -7.39999 0 1.60001
      vertex -12.5 0 0
      vertex 7.39999 0 1.60001
    endloop
  endfacet
  facet normal 0 -1 -0
    outer loop
      vertex -7.49802 0 1.60483
      vertex -12.5 0 0
      vertex -7.39999 0 1.60001
    endloop
  endfacet
  facet normal 0 -1 -0
    outer loop
      vertex -7.59508 0 1.61922
      vertex -12.5 0 0
      vertex -7.49802 0 1.60483
    endloop
  endfacet
  facet normal 0 -1 -0
    outer loop
      vertex -7.69028 0 1.64307
      vertex -12.5 0 0
      vertex -7.59508 0 1.61922
    endloop
  endfacet
  facet normal 0 -1 -0
    outer loop
      vertex -7.78268 0 1.67613
      vertex -12.5 0 0
      vertex -7.69028 0 1.64307
    endloop
  endfacet
  facet normal 0 -1 -0
    outer loop
      vertex -7.87138 0 1.71808
      vertex -12.5 0 0
      vertex -7.78268 0 1.67613
    endloop
  endfacet
  facet normal 0 -1 -0
    outer loop
      vertex -7.95557 0 1.76854
      vertex -12.5 0 0
      vertex -7.87138 0 1.71808
    endloop
  endfacet
  facet normal 0 -1 -0
    outer loop
      vertex -8.03439 0 1.827
      vertex -12.5 0 0
      vertex -7.95557 0 1.76854
    endloop
  endfacet
  facet normal 0 -1 -0
    outer loop
      vertex -8.1071 0 1.8929
      vertex -12.5 0 0
      vertex -8.03439 0 1.827
    endloop
  endfacet
  facet normal 0 -1 -0
    outer loop
      vertex -8.173 0 1.96561
      vertex -12.5 0 0
      vertex -8.1071 0 1.8929
    endloop
  endfacet
  facet normal 0 -1 -0
    outer loop
      vertex -8.23146 0 2.04443
      vertex -12.5 0 0
      vertex -8.173 0 1.96561
    endloop
  endfacet
  facet normal 0 -1 -0
    outer loop
      vertex -8.28192 0 2.12862
      vertex -12.5 0 0
      vertex -8.23146 0 2.04443
    endloop
  endfacet
  facet normal 0 -1 -0
    outer loop
      vertex -8.32387 0 2.21732
      vertex -12.5 0 0
      vertex -8.28192 0 2.12862
    endloop
  endfacet
  facet normal 0 -1 -0
    outer loop
      vertex -8.35693 0 2.30972
      vertex -12.5 0 0
      vertex -8.32387 0 2.21732
    endloop
  endfacet
  facet normal 0 -1 -0
    outer loop
      vertex -8.38078 0 2.40492
      vertex -12.5 0 0
      vertex -8.35693 0 2.30972
    endloop
  endfacet
  facet normal 0 -1 -0
    outer loop
      vertex -8.39517 0 2.50198
      vertex -12.5 0 0
      vertex -8.38078 0 2.40492
    endloop
  endfacet
  facet normal 0 -1 0
    outer loop
      vertex 7.39999 0 18.4
      vertex 12.5 0 20
      vertex -7.39999 0 18.4
    endloop
  endfacet
  facet normal 0 -1 0
    outer loop
      vertex 7.49802 0 18.3952
      vertex 12.5 0 20
      vertex 7.39999 0 18.4
    endloop
  endfacet
  facet normal 0 -1 0
    outer loop
      vertex 7.59508 0 18.3808
      vertex 12.5 0 20
      vertex 7.49802 0 18.3952
    endloop
  endfacet
  facet normal 0 -1 0
    outer loop
      vertex 7.69028 0 18.3569
      vertex 12.5 0 20
      vertex 7.59508 0 18.3808
    endloop
  endfacet
  facet normal 0 -1 0
    outer loop
      vertex 7.78268 0 18.3239
      vertex 12.5 0 20
      vertex 7.69028 0 18.3569
    endloop
  endfacet
  facet normal 0 -1 0
    outer loop
      vertex 7.87138 0 18.2819
      vertex 12.5 0 20
      vertex 7.78268 0 18.3239
    endloop
  endfacet
  facet normal 0 -1 0
    outer loop
      vertex 7.95557 0 18.2315
      vertex 12.5 0 20
      vertex 7.87138 0 18.2819
    endloop
  endfacet
  facet normal 0 -1 0
    outer loop
      vertex 8.03439 0 18.173
      vertex 12.5 0 20
      vertex 7.95557 0 18.2315
    endloop
  endfacet
  facet normal 0 -1 0
    outer loop
      vertex 8.1071 0 18.1071
      vertex 12.5 0 20
      vertex 8.03439 0 18.173
    endloop
  endfacet
  facet normal 0 -1 0
    outer loop
      vertex 8.173 0 18.0344
      vertex 12.5 0 20
      vertex 8.1071 0 18.1071
    endloop
  endfacet
  facet normal 0 -1 0
    outer loop
      vertex 8.23146 0 17.9556
      vertex 12.5 0 20
      vertex 8.173 0 18.0344
    endloop
  endfacet
  facet normal 0 -1 0
    outer loop
      vertex 8.28192 0 17.8714
      vertex 12.5 0 20
      vertex 8.23146 0 17.9556
    endloop
  endfacet
  facet normal 0 -1 0
    outer loop
      vertex 8.32387 0 17.7827
      vertex 12.5 0 20
      vertex 8.28192 0 17.8714
    endloop
  endfacet
  facet normal 0 -1 0
    outer loop
      vertex 8.35693 0 17.6903
      vertex 12.5 0 20
      vertex 8.32387 0 17.7827
    endloop
  endfacet
  facet normal 0 -1 0
    outer loop
      vertex 8.38078 0 17.5951
      vertex 12.5 0 20
      vertex 8.35693 0 17.6903
    endloop
  endfacet
  facet normal 0 -1 0
    outer loop
      vertex 8.39517 0 17.498
      vertex 12.5 0 20
      vertex 8.38078 0 17.5951
    endloop
  endfacet
  facet normal 0 -1 0
    outer loop
      vertex 8.39999 0 17.4
      vertex 12.5 0 20
      vertex 8.39517 0 17.498
    endloop
  endfacet
  facet normal 0 -1 0
    outer loop
      vertex 8.39999 0 2.60001
      vertex 12.5 0 20
      vertex 8.39999 0 17.4
    endloop
  endfacet
  facet normal 0 -1 0
    outer loop
      vertex 12.5 0 0
      vertex 8.39999 0 2.60001
      vertex 8.39517 0 2.50198
    endloop
  endfacet
  facet normal 0 -1 0
    outer loop
      vertex 12.5 0 0
      vertex 8.39517 0 2.50198
      vertex 8.38078 0 2.40492
    endloop
  endfacet
  facet normal 0 -1 0
    outer loop
      vertex 12.5 0 0
      vertex 7.39999 0 1.60001
      vertex -12.5 0 0
    endloop
  endfacet
  facet normal 0 -1 0
    outer loop
      vertex 8.39999 0 2.60001
      vertex 12.5 0 0
      vertex 12.5 0 20
    endloop
  endfacet
  facet normal 0 -1 0
    outer loop
      vertex 8.35693 0 2.30972
      vertex 12.5 0 0
      vertex 8.38078 0 2.40492
    endloop
  endfacet
  facet normal 0 -1 0
    outer loop
      vertex 8.32387 0 2.21732
      vertex 12.5 0 0
      vertex 8.35693 0 2.30972
    endloop
  endfacet
  facet normal 0 -1 0
    outer loop
      vertex 8.28192 0 2.12862
      vertex 12.5 0 0
      vertex 8.32387 0 2.21732
    endloop
  endfacet
  facet normal 0 -1 0
    outer loop
      vertex 8.23146 0 2.04443
      vertex 12.5 0 0
      vertex 8.28192 0 2.12862
    endloop
  endfacet
  facet normal 0 -1 0
    outer loop
      vertex 8.173 0 1.96561
      vertex 12.5 0 0
      vertex 8.23146 0 2.04443
    endloop
  endfacet
  facet normal 0 -1 0
    outer loop
      vertex 8.1071 0 1.8929
      vertex 12.5 0 0
      vertex 8.173 0 1.96561
    endloop
  endfacet
  facet normal 0 -1 0
    outer loop
      vertex 8.03439 0 1.827
      vertex 12.5 0 0
      vertex 8.1071 0 1.8929
    endloop
  endfacet
  facet normal 0 -1 0
    outer loop
      vertex 7.95557 0 1.76854
      vertex 12.5 0 0
      vertex 8.03439 0 1.827
    endloop
  endfacet
  facet normal 0 -1 0
    outer loop
      vertex 7.87138 0 1.71808
      vertex 12.5 0 0
      vertex 7.95557 0 1.76854
    endloop
  endfacet
  facet normal 0 -1 0
    outer loop
      vertex 7.78268 0 1.67613
      vertex 12.5 0 0
      vertex 7.87138 0 1.71808
    endloop
  endfacet
  facet normal 0 -1 0
    outer loop
      vertex 7.69028 0 1.64307
      vertex 12.5 0 0
      vertex 7.78268 0 1.67613
    endloop
  endfacet
  facet normal 0 -1 0
    outer loop
      vertex 7.59508 0 1.61922
      vertex 12.5 0 0
      vertex 7.69028 0 1.64307
    endloop
  endfacet
  facet normal 0 -1 0
    outer loop
      vertex 7.49802 0 1.60483
      vertex 12.5 0 0
      vertex 7.59508 0 1.61922
    endloop
  endfacet
  facet normal 0 -1 0
    outer loop
      vertex 7.39999 0 1.60001
      vertex 12.5 0 0
      vertex 7.49802 0 1.60483
    endloop
  endfacet
  facet normal 0.336879 -2.49657e-20 -0.941548
    outer loop
      vertex 7.69028 -42.02 1.64307
      vertex 7.78268 0 1.67613
      vertex 7.78268 -42.02 1.67613
    endloop
  endfacet
  facet normal 0.336879 -2.49657e-20 -0.941548
    outer loop
      vertex 7.78268 0 1.67613
      vertex 7.69028 -42.02 1.64307
      vertex 7.69028 0 1.64307
    endloop
  endfacet
  facet normal 0.336336 3.16452e-20 0.941742
    outer loop
      vertex 7.69028 0 18.3569
      vertex 7.78268 -42.02 18.3239
      vertex 7.78268 0 18.3239
    endloop
  endfacet
  facet normal 0.336336 3.16452e-20 0.941742
    outer loop
      vertex 7.78268 -42.02 18.3239
      vertex 7.69028 0 18.3569
      vertex 7.69028 -42.02 18.3569
    endloop
  endfacet
  facet normal -0 0 1
    outer loop
      vertex -5.46 -31.6182 18.4
      vertex 5.46 -38.2818 18.4
      vertex 5.46 -31.6182 18.4
    endloop
  endfacet
  facet normal 0 0 1
    outer loop
      vertex 5.46 -38.2818 18.4
      vertex -5.46 -31.6182 18.4
      vertex -5.46 -38.2818 18.4
    endloop
  endfacet
  facet normal -0 0 1
    outer loop
      vertex -5.46 -23.3182 18.4
      vertex 5.46 -29.9818 18.4
      vertex 5.46 -23.3182 18.4
    endloop
  endfacet
  facet normal 0 0 1
    outer loop
      vertex 5.46 -29.9818 18.4
      vertex -5.46 -23.3182 18.4
      vertex -5.46 -29.9818 18.4
    endloop
  endfacet
  facet normal -0 0 1
    outer loop
      vertex -5.46 -15.0182 18.4
      vertex 5.46 -21.6818 18.4
      vertex 5.46 -15.0182 18.4
    endloop
  endfacet
  facet normal 0 0 1
    outer loop
      vertex 5.46 -21.6818 18.4
      vertex -5.46 -15.0182 18.4
      vertex -5.46 -21.6818 18.4
    endloop
  endfacet
  facet normal -0 0 1
    outer loop
      vertex -5.46 -6.71816 18.4
      vertex 5.46 -13.3818 18.4
      vertex 5.46 -6.71816 18.4
    endloop
  endfacet
  facet normal 0 0 1
    outer loop
      vertex 5.46 -13.3818 18.4
      vertex -5.46 -6.71816 18.4
      vertex -5.46 -13.3818 18.4
    endloop
  endfacet
  facet normal 0 0 1
    outer loop
      vertex 5.46 -6.71816 18.4
      vertex 7.39999 0 18.4
      vertex 5.46 -5.08184 18.4
    endloop
  endfacet
  facet normal 0 0 1
    outer loop
      vertex 7.39999 0 18.4
      vertex -5.46 -5.08184 18.4
      vertex 5.46 -5.08184 18.4
    endloop
  endfacet
  facet normal 0 0 1
    outer loop
      vertex -7.39999 0 18.4
      vertex -5.46 -6.71816 18.4
      vertex -5.46 -5.08184 18.4
    endloop
  endfacet
  facet normal 0 0 1
    outer loop
      vertex -5.46 -6.71816 18.4
      vertex -7.39999 0 18.4
      vertex -5.46 -13.3818 18.4
    endloop
  endfacet
  facet normal 0 0 1
    outer loop
      vertex -5.46 -13.3818 18.4
      vertex -7.39999 0 18.4
      vertex -5.46 -15.0182 18.4
    endloop
  endfacet
  facet normal 0 0 1
    outer loop
      vertex -5.46 -15.0182 18.4
      vertex -7.39999 0 18.4
      vertex -5.46 -21.6818 18.4
    endloop
  endfacet
  facet normal 0 0 1
    outer loop
      vertex -7.39999 -42.02 18.4
      vertex -5.46 -21.6818 18.4
      vertex -7.39999 0 18.4
    endloop
  endfacet
  facet normal 0 0 1
    outer loop
      vertex -5.46 -21.6818 18.4
      vertex -7.39999 -42.02 18.4
      vertex -5.46 -23.3182 18.4
    endloop
  endfacet
  facet normal 0 0 1
    outer loop
      vertex -5.46 -23.3182 18.4
      vertex -7.39999 -42.02 18.4
      vertex -5.46 -29.9818 18.4
    endloop
  endfacet
  facet normal 0 0 1
    outer loop
      vertex -5.46 -31.6182 18.4
      vertex -7.39999 -42.02 18.4
      vertex -5.46 -38.2818 18.4
    endloop
  endfacet
  facet normal 0 0 1
    outer loop
      vertex -5.46 -29.9818 18.4
      vertex -7.39999 -42.02 18.4
      vertex -5.46 -31.6182 18.4
    endloop
  endfacet
  facet normal -0 0 1
    outer loop
      vertex -7.39999 0 18.4
      vertex -5.46 -5.08184 18.4
      vertex 7.39999 0 18.4
    endloop
  endfacet
  facet normal 0 0 1
    outer loop
      vertex 5.46 -13.3818 18.4
      vertex 7.39999 0 18.4
      vertex 5.46 -6.71816 18.4
    endloop
  endfacet
  facet normal 0 0 1
    outer loop
      vertex 5.46 -15.0182 18.4
      vertex 7.39999 0 18.4
      vertex 5.46 -13.3818 18.4
    endloop
  endfacet
  facet normal 0 0 1
    outer loop
      vertex 5.46 -21.6818 18.4
      vertex 7.39999 0 18.4
      vertex 5.46 -15.0182 18.4
    endloop
  endfacet
  facet normal 0 0 1
    outer loop
      vertex 7.39999 0 18.4
      vertex 5.46 -21.6818 18.4
      vertex 7.39999 -42.02 18.4
    endloop
  endfacet
  facet normal -0 0 1
    outer loop
      vertex 5.46 -23.3182 18.4
      vertex 7.39999 -42.02 18.4
      vertex 5.46 -21.6818 18.4
    endloop
  endfacet
  facet normal -0 0 1
    outer loop
      vertex 5.46 -29.9818 18.4
      vertex 7.39999 -42.02 18.4
      vertex 5.46 -23.3182 18.4
    endloop
  endfacet
  facet normal -0 0 1
    outer loop
      vertex 5.46 -31.6182 18.4
      vertex 7.39999 -42.02 18.4
      vertex 5.46 -29.9818 18.4
    endloop
  endfacet
  facet normal -0 0 1
    outer loop
      vertex 5.46 -38.2818 18.4
      vertex 7.39999 -42.02 18.4
      vertex 5.46 -31.6182 18.4
    endloop
  endfacet
  facet normal -0 0 1
    outer loop
      vertex 5.46 -39.9182 18.4
      vertex 7.39999 -42.02 18.4
      vertex 5.46 -38.2818 18.4
    endloop
  endfacet
  facet normal -0 0 1
    outer loop
      vertex -5.46 -39.9182 18.4
      vertex 7.39999 -42.02 18.4
      vertex 5.46 -39.9182 18.4
    endloop
  endfacet
  facet normal 0 0 1
    outer loop
      vertex -5.46 -39.9182 18.4
      vertex -7.39999 -42.02 18.4
      vertex 7.39999 -42.02 18.4
    endloop
  endfacet
  facet normal 0 0 1
    outer loop
      vertex -5.46 -38.2818 18.4
      vertex -7.39999 -42.02 18.4
      vertex -5.46 -39.9182 18.4
    endloop
  endfacet
  facet normal -1 0 0
    outer loop
      vertex -8.39999 0 2.60001
      vertex -8.39999 -5.08184 4.54
      vertex -8.39999 0 17.4
    endloop
  endfacet
  facet normal -1 0 0
    outer loop
      vertex -8.39999 0 2.60001
      vertex -8.39999 -6.71816 4.54
      vertex -8.39999 -5.08184 4.54
    endloop
  endfacet
  facet normal -1 0 0
    outer loop
      vertex -8.39999 -6.71816 4.54
      vertex -8.39999 -13.3818 4.54
      vertex -8.39999 -6.71816 15.46
    endloop
  endfacet
  facet normal -1 0 0
    outer loop
      vertex -8.39999 0 2.60001
      vertex -8.39999 -13.3818 4.54
      vertex -8.39999 -6.71816 4.54
    endloop
  endfacet
  facet normal -1 0 0
    outer loop
      vertex -8.39999 0 2.60001
      vertex -8.39999 -15.0182 4.54
      vertex -8.39999 -13.3818 4.54
    endloop
  endfacet
  facet normal -1 0 0
    outer loop
      vertex -8.39999 -15.0182 4.54
      vertex -8.39999 -21.6818 4.54
      vertex -8.39999 -15.0182 15.46
    endloop
  endfacet
  facet normal -1 0 0
    outer loop
      vertex -8.39999 0 2.60001
      vertex -8.39999 -21.6818 4.54
      vertex -8.39999 -15.0182 4.54
    endloop
  endfacet
  facet normal -1 0 0
    outer loop
      vertex -8.39999 -42.02 2.60001
      vertex -8.39999 -21.6818 4.54
      vertex -8.39999 0 2.60001
    endloop
  endfacet
  facet normal -1 0 0
    outer loop
      vertex -8.39999 -23.3182 4.54
      vertex -8.39999 -29.9818 4.54
      vertex -8.39999 -23.3182 15.46
    endloop
  endfacet
  facet normal -1 -0 0
    outer loop
      vertex -8.39999 -21.6818 4.54
      vertex -8.39999 -42.02 2.60001
      vertex -8.39999 -23.3182 4.54
    endloop
  endfacet
  facet normal -1 -0 0
    outer loop
      vertex -8.39999 -23.3182 4.54
      vertex -8.39999 -42.02 2.60001
      vertex -8.39999 -29.9818 4.54
    endloop
  endfacet
  facet normal -1 0 0
    outer loop
      vertex -8.39999 -31.6182 4.54
      vertex -8.39999 -38.2818 4.54
      vertex -8.39999 -31.6182 15.46
    endloop
  endfacet
  facet normal -1 -0 0
    outer loop
      vertex -8.39999 -29.9818 4.54
      vertex -8.39999 -42.02 2.60001
      vertex -8.39999 -31.6182 4.54
    endloop
  endfacet
  facet normal -1 -0 0
    outer loop
      vertex -8.39999 -31.6182 4.54
      vertex -8.39999 -42.02 2.60001
      vertex -8.39999 -38.2818 4.54
    endloop
  endfacet
  facet normal -1 -0 0
    outer loop
      vertex -8.39999 -39.9182 4.54
      vertex -8.39999 -42.02 2.60001
      vertex -8.39999 -39.9182 15.46
    endloop
  endfacet
  facet normal -1 -0 0
    outer loop
      vertex -8.39999 -38.2818 4.54
      vertex -8.39999 -42.02 2.60001
      vertex -8.39999 -39.9182 4.54
    endloop
  endfacet
  facet normal -1 0 0
    outer loop
      vertex -8.39999 -5.08184 15.46
      vertex -8.39999 0 17.4
      vertex -8.39999 -5.08184 4.54
    endloop
  endfacet
  facet normal -1 0 0
    outer loop
      vertex -8.39999 -6.71816 15.46
      vertex -8.39999 0 17.4
      vertex -8.39999 -5.08184 15.46
    endloop
  endfacet
  facet normal -1 0 0
    outer loop
      vertex -8.39999 -13.3818 15.46
      vertex -8.39999 -6.71816 15.46
      vertex -8.39999 -13.3818 4.54
    endloop
  endfacet
  facet normal -1 0 0
    outer loop
      vertex -8.39999 -13.3818 15.46
      vertex -8.39999 0 17.4
      vertex -8.39999 -6.71816 15.46
    endloop
  endfacet
  facet normal -1 0 0
    outer loop
      vertex -8.39999 -15.0182 15.46
      vertex -8.39999 0 17.4
      vertex -8.39999 -13.3818 15.46
    endloop
  endfacet
  facet normal -1 0 0
    outer loop
      vertex -8.39999 -21.6818 15.46
      vertex -8.39999 -15.0182 15.46
      vertex -8.39999 -21.6818 4.54
    endloop
  endfacet
  facet normal -1 0 0
    outer loop
      vertex -8.39999 -21.6818 15.46
      vertex -8.39999 0 17.4
      vertex -8.39999 -15.0182 15.46
    endloop
  endfacet
  facet normal -1 0 0
    outer loop
      vertex -8.39999 -42.02 17.4
      vertex -8.39999 -21.6818 15.46
      vertex -8.39999 -23.3182 15.46
    endloop
  endfacet
  facet normal -1 0 0
    outer loop
      vertex -8.39999 -29.9818 15.46
      vertex -8.39999 -23.3182 15.46
      vertex -8.39999 -29.9818 4.54
    endloop
  endfacet
  facet normal -1 0 0
    outer loop
      vertex -8.39999 -42.02 17.4
      vertex -8.39999 -23.3182 15.46
      vertex -8.39999 -29.9818 15.46
    endloop
  endfacet
  facet normal -1 0 0
    outer loop
      vertex -8.39999 -42.02 17.4
      vertex -8.39999 -29.9818 15.46
      vertex -8.39999 -31.6182 15.46
    endloop
  endfacet
  facet normal -1 0 0
    outer loop
      vertex -8.39999 -38.2818 15.46
      vertex -8.39999 -31.6182 15.46
      vertex -8.39999 -38.2818 4.54
    endloop
  endfacet
  facet normal -1 0 0
    outer loop
      vertex -8.39999 -42.02 17.4
      vertex -8.39999 -31.6182 15.46
      vertex -8.39999 -38.2818 15.46
    endloop
  endfacet
  facet normal -1 0 0
    outer loop
      vertex -8.39999 -42.02 17.4
      vertex -8.39999 -38.2818 15.46
      vertex -8.39999 -39.9182 15.46
    endloop
  endfacet
  facet normal -1 0 0
    outer loop
      vertex -8.39999 -21.6818 15.46
      vertex -8.39999 -42.02 17.4
      vertex -8.39999 0 17.4
    endloop
  endfacet
  facet normal -1 0 0
    outer loop
      vertex -8.39999 -42.02 17.4
      vertex -8.39999 -39.9182 15.46
      vertex -8.39999 -42.02 2.60001
    endloop
  endfacet
  facet normal -0.989188 0 -0.146656
    outer loop
      vertex -8.38078 -42.02 2.40492
      vertex -8.39517 0 2.50198
      vertex -8.38078 0 2.40492
    endloop
  endfacet
  facet normal -0.989188 -0 -0.146656
    outer loop
      vertex -8.39517 0 2.50198
      vertex -8.38078 -42.02 2.40492
      vertex -8.39517 -42.02 2.50198
    endloop
  endfacet
  facet normal -0.048906 8.00251e-22 0.998803
    outer loop
      vertex -7.49802 0 18.3952
      vertex -7.39999 -42.02 18.4
      vertex -7.39999 0 18.4
    endloop
  endfacet
  facet normal -0.048906 8.00251e-22 0.998803
    outer loop
      vertex -7.39999 -42.02 18.4
      vertex -7.49802 0 18.3952
      vertex -7.49802 -42.02 18.3952
    endloop
  endfacet
  facet normal 1 0 0
    outer loop
      vertex 8.39999 0 17.4
      vertex 8.39999 -5.08184 15.46
      vertex 8.39999 0 2.60001
    endloop
  endfacet
  facet normal 1 0 0
    outer loop
      vertex 8.39999 0 17.4
      vertex 8.39999 -6.71816 15.46
      vertex 8.39999 -5.08184 15.46
    endloop
  endfacet
  facet normal 1 0 0
    outer loop
      vertex 8.39999 -6.71816 15.46
      vertex 8.39999 -13.3818 15.46
      vertex 8.39999 -6.71816 4.54
    endloop
  endfacet
  facet normal 1 0 0
    outer loop
      vertex 8.39999 0 17.4
      vertex 8.39999 -13.3818 15.46
      vertex 8.39999 -6.71816 15.46
    endloop
  endfacet
  facet normal 1 0 0
    outer loop
      vertex 8.39999 0 17.4
      vertex 8.39999 -15.0182 15.46
      vertex 8.39999 -13.3818 15.46
    endloop
  endfacet
  facet normal 1 0 0
    outer loop
      vertex 8.39999 -15.0182 15.46
      vertex 8.39999 -21.6818 15.46
      vertex 8.39999 -15.0182 4.54
    endloop
  endfacet
  facet normal 1 0 0
    outer loop
      vertex 8.39999 0 17.4
      vertex 8.39999 -21.6818 15.46
      vertex 8.39999 -15.0182 15.46
    endloop
  endfacet
  facet normal 1 -0 0
    outer loop
      vertex 8.39999 -42.02 17.4
      vertex 8.39999 -21.6818 15.46
      vertex 8.39999 0 17.4
    endloop
  endfacet
  facet normal 1 0 0
    outer loop
      vertex 8.39999 -23.3182 15.46
      vertex 8.39999 -29.9818 15.46
      vertex 8.39999 -23.3182 4.54
    endloop
  endfacet
  facet normal 1 0 0
    outer loop
      vertex 8.39999 -21.6818 15.46
      vertex 8.39999 -42.02 17.4
      vertex 8.39999 -23.3182 15.46
    endloop
  endfacet
  facet normal 1 0 0
    outer loop
      vertex 8.39999 -23.3182 15.46
      vertex 8.39999 -42.02 17.4
      vertex 8.39999 -29.9818 15.46
    endloop
  endfacet
  facet normal 1 0 0
    outer loop
      vertex 8.39999 -31.6182 15.46
      vertex 8.39999 -38.2818 15.46
      vertex 8.39999 -31.6182 4.54
    endloop
  endfacet
  facet normal 1 0 0
    outer loop
      vertex 8.39999 -29.9818 15.46
      vertex 8.39999 -42.02 17.4
      vertex 8.39999 -31.6182 15.46
    endloop
  endfacet
  facet normal 1 0 0
    outer loop
      vertex 8.39999 -31.6182 15.46
      vertex 8.39999 -42.02 17.4
      vertex 8.39999 -38.2818 15.46
    endloop
  endfacet
  facet normal 1 0 0
    outer loop
      vertex 8.39999 -39.9182 15.46
      vertex 8.39999 -42.02 17.4
      vertex 8.39999 -39.9182 4.54
    endloop
  endfacet
  facet normal 1 0 0
    outer loop
      vertex 8.39999 -38.2818 15.46
      vertex 8.39999 -42.02 17.4
      vertex 8.39999 -39.9182 15.46
    endloop
  endfacet
  facet normal 1 -0 0
    outer loop
      vertex 8.39999 -5.08184 4.54
      vertex 8.39999 0 2.60001
      vertex 8.39999 -5.08184 15.46
    endloop
  endfacet
  facet normal 1 -0 0
    outer loop
      vertex 8.39999 -6.71816 4.54
      vertex 8.39999 0 2.60001
      vertex 8.39999 -5.08184 4.54
    endloop
  endfacet
  facet normal 1 0 0
    outer loop
      vertex 8.39999 -13.3818 4.54
      vertex 8.39999 -6.71816 4.54
      vertex 8.39999 -13.3818 15.46
    endloop
  endfacet
  facet normal 1 -0 0
    outer loop
      vertex 8.39999 -13.3818 4.54
      vertex 8.39999 0 2.60001
      vertex 8.39999 -6.71816 4.54
    endloop
  endfacet
  facet normal 1 -0 0
    outer loop
      vertex 8.39999 -15.0182 4.54
      vertex 8.39999 0 2.60001
      vertex 8.39999 -13.3818 4.54
    endloop
  endfacet
  facet normal 1 0 0
    outer loop
      vertex 8.39999 -21.6818 4.54
      vertex 8.39999 -15.0182 4.54
      vertex 8.39999 -21.6818 15.46
    endloop
  endfacet
  facet normal 1 -0 0
    outer loop
      vertex 8.39999 -21.6818 4.54
      vertex 8.39999 0 2.60001
      vertex 8.39999 -15.0182 4.54
    endloop
  endfacet
  facet normal 1 0 0
    outer loop
      vertex 8.39999 -42.02 2.60001
      vertex 8.39999 -21.6818 4.54
      vertex 8.39999 -23.3182 4.54
    endloop
  endfacet
  facet normal 1 0 0
    outer loop
      vertex 8.39999 -29.9818 4.54
      vertex 8.39999 -23.3182 4.54
      vertex 8.39999 -29.9818 15.46
    endloop
  endfacet
  facet normal 1 0 0
    outer loop
      vertex 8.39999 -42.02 2.60001
      vertex 8.39999 -23.3182 4.54
      vertex 8.39999 -29.9818 4.54
    endloop
  endfacet
  facet normal 1 0 0
    outer loop
      vertex 8.39999 -42.02 2.60001
      vertex 8.39999 -29.9818 4.54
      vertex 8.39999 -31.6182 4.54
    endloop
  endfacet
  facet normal 1 0 0
    outer loop
      vertex 8.39999 -38.2818 4.54
      vertex 8.39999 -31.6182 4.54
      vertex 8.39999 -38.2818 15.46
    endloop
  endfacet
  facet normal 1 0 0
    outer loop
      vertex 8.39999 -42.02 2.60001
      vertex 8.39999 -31.6182 4.54
      vertex 8.39999 -38.2818 4.54
    endloop
  endfacet
  facet normal 1 0 0
    outer loop
      vertex 8.39999 -42.02 2.60001
      vertex 8.39999 -38.2818 4.54
      vertex 8.39999 -39.9182 4.54
    endloop
  endfacet
  facet normal 1 0 0
    outer loop
      vertex 8.39999 -21.6818 4.54
      vertex 8.39999 -42.02 2.60001
      vertex 8.39999 0 2.60001
    endloop
  endfacet
  facet normal 1 0 0
    outer loop
      vertex 8.39999 -42.02 2.60001
      vertex 8.39999 -39.9182 4.54
      vertex 8.39999 -42.02 17.4
    endloop
  endfacet
  facet normal -0.671556 5.61707e-20 0.740954
    outer loop
      vertex -8.1071 0 18.1071
      vertex -8.03439 -42.02 18.173
      vertex -8.03439 0 18.173
    endloop
  endfacet
  facet normal -0.671556 5.61707e-20 0.740954
    outer loop
      vertex -8.03439 -42.02 18.173
      vertex -8.1071 0 18.1071
      vertex -8.1071 -42.02 18.1071
    endloop
  endfacet
  facet normal -0.803192 0 -0.59572
    outer loop
      vertex -8.173 -42.02 1.96561
      vertex -8.23146 0 2.04443
      vertex -8.173 0 1.96561
    endloop
  endfacet
  facet normal -0.803192 -0 -0.59572
    outer loop
      vertex -8.23146 0 2.04443
      vertex -8.173 -42.02 1.96561
      vertex -8.23146 -42.02 2.04443
    endloop
  endfacet
  facet normal -0.427955 -4.62515e-21 0.9038
    outer loop
      vertex -7.87138 0 18.2819
      vertex -7.78268 -42.02 18.3239
      vertex -7.78268 0 18.3239
    endloop
  endfacet
  facet normal -0.427955 -4.62515e-21 0.9038
    outer loop
      vertex -7.78268 -42.02 18.3239
      vertex -7.87138 0 18.2819
      vertex -7.87138 -42.02 18.2819
    endloop
  endfacet
  facet normal -0.59572 -6.38052e-20 -0.803192
    outer loop
      vertex -8.03439 -42.02 1.827
      vertex -7.95557 0 1.76854
      vertex -7.95557 -42.02 1.76854
    endloop
  endfacet
  facet normal -0.59572 -6.38052e-20 -0.803192
    outer loop
      vertex -7.95557 0 1.76854
      vertex -8.03439 -42.02 1.827
      vertex -8.03439 0 1.827
    endloop
  endfacet
  facet normal -0.513641 9.46315e-20 0.858005
    outer loop
      vertex -7.95557 0 18.2315
      vertex -7.87138 -42.02 18.2819
      vertex -7.87138 0 18.2819
    endloop
  endfacet
  facet normal -0.513641 9.46315e-20 0.858005
    outer loop
      vertex -7.87138 -42.02 18.2819
      vertex -7.95557 0 18.2315
      vertex -7.95557 -42.02 18.2315
    endloop
  endfacet
  facet normal 0 -1 0
    outer loop
      vertex -7.49268 -42.02 18.3898
      vertex -7.39999 -42.02 18.4
      vertex -7.49802 -42.02 18.3952
    endloop
  endfacet
  facet normal 0 -1 0
    outer loop
      vertex -7.39999 -42.02 18.4
      vertex -7.39466 -42.02 18.3947
      vertex 7.39999 -42.02 18.4
    endloop
  endfacet
  facet normal 0 -1 0
    outer loop
      vertex 7.39466 -42.02 18.3947
      vertex 7.39999 -42.02 18.4
      vertex -7.39466 -42.02 18.3947
    endloop
  endfacet
  facet normal 0 -1 -0
    outer loop
      vertex -7.39999 -42.02 18.4
      vertex -7.49268 -42.02 18.3898
      vertex -7.39466 -42.02 18.3947
    endloop
  endfacet
  facet normal 0 -1 0
    outer loop
      vertex -7.58974 -42.02 18.3755
      vertex -7.49802 -42.02 18.3952
      vertex -7.59508 -42.02 18.3808
    endloop
  endfacet
  facet normal 0 -1 -0
    outer loop
      vertex -7.49802 -42.02 18.3952
      vertex -7.58974 -42.02 18.3755
      vertex -7.49268 -42.02 18.3898
    endloop
  endfacet
  facet normal 0 -1 0
    outer loop
      vertex -7.68494 -42.02 18.3516
      vertex -7.59508 -42.02 18.3808
      vertex -7.69028 -42.02 18.3569
    endloop
  endfacet
  facet normal 0 -1 -0
    outer loop
      vertex -7.59508 -42.02 18.3808
      vertex -7.68494 -42.02 18.3516
      vertex -7.58974 -42.02 18.3755
    endloop
  endfacet
  facet normal 0 -1 0
    outer loop
      vertex -7.77735 -42.02 18.3185
      vertex -7.69028 -42.02 18.3569
      vertex -7.78268 -42.02 18.3239
    endloop
  endfacet
  facet normal 0 -1 -0
    outer loop
      vertex -7.69028 -42.02 18.3569
      vertex -7.77735 -42.02 18.3185
      vertex -7.68494 -42.02 18.3516
    endloop
  endfacet
  facet normal 0 -1 0
    outer loop
      vertex -7.86605 -42.02 18.2766
      vertex -7.78268 -42.02 18.3239
      vertex -7.87138 -42.02 18.2819
    endloop
  endfacet
  facet normal 0 -1 -0
    outer loop
      vertex -7.78268 -42.02 18.3239
      vertex -7.86605 -42.02 18.2766
      vertex -7.77735 -42.02 18.3185
    endloop
  endfacet
  facet normal 0 -1 0
    outer loop
      vertex -7.95023 -42.02 18.2261
      vertex -7.87138 -42.02 18.2819
      vertex -7.95557 -42.02 18.2315
    endloop
  endfacet
  facet normal 0 -1 -0
    outer loop
      vertex -7.87138 -42.02 18.2819
      vertex -7.95023 -42.02 18.2261
      vertex -7.86605 -42.02 18.2766
    endloop
  endfacet
  facet normal 0 -1 0
    outer loop
      vertex -8.02906 -42.02 18.1677
      vertex -7.95557 -42.02 18.2315
      vertex -8.03439 -42.02 18.173
    endloop
  endfacet
  facet normal 0 -1 -0
    outer loop
      vertex -7.95557 -42.02 18.2315
      vertex -8.02906 -42.02 18.1677
      vertex -7.95023 -42.02 18.2261
    endloop
  endfacet
  facet normal 0 -1 0
    outer loop
      vertex -8.10177 -42.02 18.1018
      vertex -8.03439 -42.02 18.173
      vertex -8.1071 -42.02 18.1071
    endloop
  endfacet
  facet normal 0 -1 -0
    outer loop
      vertex -8.03439 -42.02 18.173
      vertex -8.10177 -42.02 18.1018
      vertex -8.02906 -42.02 18.1677
    endloop
  endfacet
  facet normal 0 -1 0
    outer loop
      vertex -8.173 -42.02 18.0344
      vertex -8.10177 -42.02 18.1018
      vertex -8.1071 -42.02 18.1071
    endloop
  endfacet
  facet normal 0 -1 0
    outer loop
      vertex -8.173 -42.02 18.0344
      vertex -8.16767 -42.02 18.0291
      vertex -8.10177 -42.02 18.1018
    endloop
  endfacet
  facet normal 0 -1 0
    outer loop
      vertex -8.23146 -42.02 17.9556
      vertex -8.16767 -42.02 18.0291
      vertex -8.173 -42.02 18.0344
    endloop
  endfacet
  facet normal 0 -1 0
    outer loop
      vertex -8.23146 -42.02 17.9556
      vertex -8.22613 -42.02 17.9502
      vertex -8.16767 -42.02 18.0291
    endloop
  endfacet
  facet normal 0 -1 0
    outer loop
      vertex -8.28192 -42.02 17.8714
      vertex -8.22613 -42.02 17.9502
      vertex -8.23146 -42.02 17.9556
    endloop
  endfacet
  facet normal 0 -1 0
    outer loop
      vertex -8.28192 -42.02 17.8714
      vertex -8.27659 -42.02 17.8661
      vertex -8.22613 -42.02 17.9502
    endloop
  endfacet
  facet normal 0 -1 0
    outer loop
      vertex -8.32387 -42.02 17.7827
      vertex -8.27659 -42.02 17.8661
      vertex -8.28192 -42.02 17.8714
    endloop
  endfacet
  facet normal 0 -1 0
    outer loop
      vertex -8.32387 -42.02 17.7827
      vertex -8.31853 -42.02 17.7774
      vertex -8.27659 -42.02 17.8661
    endloop
  endfacet
  facet normal 0 -1 0
    outer loop
      vertex -8.35693 -42.02 17.6903
      vertex -8.31853 -42.02 17.7774
      vertex -8.32387 -42.02 17.7827
    endloop
  endfacet
  facet normal 0 -1 0
    outer loop
      vertex -8.35693 -42.02 17.6903
      vertex -8.3516 -42.02 17.6849
      vertex -8.31853 -42.02 17.7774
    endloop
  endfacet
  facet normal 0 -1 0
    outer loop
      vertex -8.38078 -42.02 17.5951
      vertex -8.3516 -42.02 17.6849
      vertex -8.35693 -42.02 17.6903
    endloop
  endfacet
  facet normal 0 -1 0
    outer loop
      vertex -8.38078 -42.02 17.5951
      vertex -8.37545 -42.02 17.5897
      vertex -8.3516 -42.02 17.6849
    endloop
  endfacet
  facet normal 0 -1 0
    outer loop
      vertex -8.39517 -42.02 17.498
      vertex -8.37545 -42.02 17.5897
      vertex -8.38078 -42.02 17.5951
    endloop
  endfacet
  facet normal 0 -1 0
    outer loop
      vertex -8.39517 -42.02 17.498
      vertex -8.38984 -42.02 17.4927
      vertex -8.37545 -42.02 17.5897
    endloop
  endfacet
  facet normal 0 -1 0
    outer loop
      vertex -8.39999 -42.02 17.4
      vertex -8.38984 -42.02 17.4927
      vertex -8.39517 -42.02 17.498
    endloop
  endfacet
  facet normal 0 -1 0
    outer loop
      vertex -8.39999 -42.02 17.4
      vertex -8.39466 -42.02 17.3947
      vertex -8.38984 -42.02 17.4927
    endloop
  endfacet
  facet normal 0 -1 0
    outer loop
      vertex -8.39999 -42.02 17.4
      vertex -8.39466 -42.02 2.60534
      vertex -8.39466 -42.02 17.3947
    endloop
  endfacet
  facet normal 0 -1 0
    outer loop
      vertex -8.39999 -42.02 2.60001
      vertex -8.39466 -42.02 2.60534
      vertex -8.39999 -42.02 17.4
    endloop
  endfacet
  facet normal 0 -1 0
    outer loop
      vertex -8.39999 -42.02 2.60001
      vertex -8.38984 -42.02 2.50732
      vertex -8.39466 -42.02 2.60534
    endloop
  endfacet
  facet normal 0 -1 0
    outer loop
      vertex -8.39517 -42.02 2.50198
      vertex -8.38984 -42.02 2.50732
      vertex -8.39999 -42.02 2.60001
    endloop
  endfacet
  facet normal 0 -1 0
    outer loop
      vertex -8.39517 -42.02 2.50198
      vertex -8.37545 -42.02 2.41026
      vertex -8.38984 -42.02 2.50732
    endloop
  endfacet
  facet normal 0 -1 0
    outer loop
      vertex -8.38078 -42.02 2.40492
      vertex -8.37545 -42.02 2.41026
      vertex -8.39517 -42.02 2.50198
    endloop
  endfacet
  facet normal 0 -1 0
    outer loop
      vertex -8.38078 -42.02 2.40492
      vertex -8.3516 -42.02 2.31506
      vertex -8.37545 -42.02 2.41026
    endloop
  endfacet
  facet normal 0 -1 0
    outer loop
      vertex -8.35693 -42.02 2.30972
      vertex -8.3516 -42.02 2.31506
      vertex -8.38078 -42.02 2.40492
    endloop
  endfacet
  facet normal 0 -1 0
    outer loop
      vertex -8.35693 -42.02 2.30972
      vertex -8.31853 -42.02 2.22265
      vertex -8.3516 -42.02 2.31506
    endloop
  endfacet
  facet normal 0 -1 0
    outer loop
      vertex -8.32387 -42.02 2.21732
      vertex -8.31853 -42.02 2.22265
      vertex -8.35693 -42.02 2.30972
    endloop
  endfacet
  facet normal 0 -1 0
    outer loop
      vertex -8.32387 -42.02 2.21732
      vertex -8.27659 -42.02 2.13395
      vertex -8.31853 -42.02 2.22265
    endloop
  endfacet
  facet normal 0 -1 0
    outer loop
      vertex -8.28192 -42.02 2.12862
      vertex -8.27659 -42.02 2.13395
      vertex -8.32387 -42.02 2.21732
    endloop
  endfacet
  facet normal 0 -1 0
    outer loop
      vertex -8.28192 -42.02 2.12862
      vertex -8.22613 -42.02 2.04977
      vertex -8.27659 -42.02 2.13395
    endloop
  endfacet
  facet normal 0 -1 0
    outer loop
      vertex -8.23146 -42.02 2.04443
      vertex -8.22613 -42.02 2.04977
      vertex -8.28192 -42.02 2.12862
    endloop
  endfacet
  facet normal 0 -1 0
    outer loop
      vertex -8.23146 -42.02 2.04443
      vertex -8.16767 -42.02 1.97094
      vertex -8.22613 -42.02 2.04977
    endloop
  endfacet
  facet normal 0 -1 0
    outer loop
      vertex -8.173 -42.02 1.96561
      vertex -8.16767 -42.02 1.97094
      vertex -8.23146 -42.02 2.04443
    endloop
  endfacet
  facet normal 0 -1 0
    outer loop
      vertex -8.173 -42.02 1.96561
      vertex -8.10177 -42.02 1.89823
      vertex -8.16767 -42.02 1.97094
    endloop
  endfacet
  facet normal 0 -1 0
    outer loop
      vertex -8.1071 -42.02 1.8929
      vertex -8.10177 -42.02 1.89823
      vertex -8.173 -42.02 1.96561
    endloop
  endfacet
  facet normal 0 -1 0
    outer loop
      vertex -8.03439 -42.02 1.827
      vertex -8.10177 -42.02 1.89823
      vertex -8.1071 -42.02 1.8929
    endloop
  endfacet
  facet normal 0 -1 0
    outer loop
      vertex -8.10177 -42.02 1.89823
      vertex -8.03439 -42.02 1.827
      vertex -8.02906 -42.02 1.83233
    endloop
  endfacet
  facet normal 0 -1 0
    outer loop
      vertex -7.95557 -42.02 1.76854
      vertex -8.02906 -42.02 1.83233
      vertex -8.03439 -42.02 1.827
    endloop
  endfacet
  facet normal 0 -1 0
    outer loop
      vertex -8.02906 -42.02 1.83233
      vertex -7.95557 -42.02 1.76854
      vertex -7.95023 -42.02 1.77387
    endloop
  endfacet
  facet normal 0 -1 0
    outer loop
      vertex -7.87138 -42.02 1.71808
      vertex -7.95023 -42.02 1.77387
      vertex -7.95557 -42.02 1.76854
    endloop
  endfacet
  facet normal 0 -1 0
    outer loop
      vertex -7.95023 -42.02 1.77387
      vertex -7.87138 -42.02 1.71808
      vertex -7.86605 -42.02 1.72341
    endloop
  endfacet
  facet normal 0 -1 0
    outer loop
      vertex -7.78268 -42.02 1.67613
      vertex -7.86605 -42.02 1.72341
      vertex -7.87138 -42.02 1.71808
    endloop
  endfacet
  facet normal 0 -1 0
    outer loop
      vertex -7.86605 -42.02 1.72341
      vertex -7.78268 -42.02 1.67613
      vertex -7.77735 -42.02 1.68147
    endloop
  endfacet
  facet normal 0 -1 0
    outer loop
      vertex -7.69028 -42.02 1.64307
      vertex -7.77735 -42.02 1.68147
      vertex -7.78268 -42.02 1.67613
    endloop
  endfacet
  facet normal 0 -1 0
    outer loop
      vertex -7.77735 -42.02 1.68147
      vertex -7.69028 -42.02 1.64307
      vertex -7.68494 -42.02 1.6484
    endloop
  endfacet
  facet normal 0 -1 0
    outer loop
      vertex -7.59508 -42.02 1.61922
      vertex -7.68494 -42.02 1.6484
      vertex -7.69028 -42.02 1.64307
    endloop
  endfacet
  facet normal 0 -1 0
    outer loop
      vertex -7.68494 -42.02 1.6484
      vertex -7.59508 -42.02 1.61922
      vertex -7.58974 -42.02 1.62455
    endloop
  endfacet
  facet normal 0 -1 0
    outer loop
      vertex -7.49802 -42.02 1.60483
      vertex -7.58974 -42.02 1.62455
      vertex -7.59508 -42.02 1.61922
    endloop
  endfacet
  facet normal 0 -1 0
    outer loop
      vertex -7.49268 -42.02 1.61016
      vertex -7.39999 -42.02 1.60001
      vertex -7.39466 -42.02 1.60534
    endloop
  endfacet
  facet normal 0 -1 0
    outer loop
      vertex -7.39999 -42.02 1.60001
      vertex -7.49268 -42.02 1.61016
      vertex -7.49802 -42.02 1.60483
    endloop
  endfacet
  facet normal 0 -1 0
    outer loop
      vertex -7.58974 -42.02 1.62455
      vertex -7.49802 -42.02 1.60483
      vertex -7.49268 -42.02 1.61016
    endloop
  endfacet
  facet normal 0 -1 0
    outer loop
      vertex 7.49268 -42.02 18.3898
      vertex 7.39999 -42.02 18.4
      vertex 7.39466 -42.02 18.3947
    endloop
  endfacet
  facet normal 0 -1 0
    outer loop
      vertex 7.39999 -42.02 18.4
      vertex 7.49268 -42.02 18.3898
      vertex 7.49802 -42.02 18.3952
    endloop
  endfacet
  facet normal 0 -1 0
    outer loop
      vertex 7.58974 -42.02 18.3755
      vertex 7.49802 -42.02 18.3952
      vertex 7.49268 -42.02 18.3898
    endloop
  endfacet
  facet normal 0 -1 0
    outer loop
      vertex 7.49802 -42.02 18.3952
      vertex 7.58974 -42.02 18.3755
      vertex 7.59508 -42.02 18.3808
    endloop
  endfacet
  facet normal 0 -1 0
    outer loop
      vertex 7.68494 -42.02 18.3516
      vertex 7.59508 -42.02 18.3808
      vertex 7.58974 -42.02 18.3755
    endloop
  endfacet
  facet normal 0 -1 0
    outer loop
      vertex 7.59508 -42.02 18.3808
      vertex 7.68494 -42.02 18.3516
      vertex 7.69028 -42.02 18.3569
    endloop
  endfacet
  facet normal 0 -1 0
    outer loop
      vertex 7.77735 -42.02 18.3185
      vertex 7.69028 -42.02 18.3569
      vertex 7.68494 -42.02 18.3516
    endloop
  endfacet
  facet normal 0 -1 0
    outer loop
      vertex 7.69028 -42.02 18.3569
      vertex 7.77735 -42.02 18.3185
      vertex 7.78268 -42.02 18.3239
    endloop
  endfacet
  facet normal 0 -1 0
    outer loop
      vertex 7.86605 -42.02 18.2766
      vertex 7.78268 -42.02 18.3239
      vertex 7.77735 -42.02 18.3185
    endloop
  endfacet
  facet normal 0 -1 0
    outer loop
      vertex 7.78268 -42.02 18.3239
      vertex 7.86605 -42.02 18.2766
      vertex 7.87138 -42.02 18.2819
    endloop
  endfacet
  facet normal 0 -1 0
    outer loop
      vertex 7.95023 -42.02 18.2261
      vertex 7.87138 -42.02 18.2819
      vertex 7.86605 -42.02 18.2766
    endloop
  endfacet
  facet normal 0 -1 0
    outer loop
      vertex 7.87138 -42.02 18.2819
      vertex 7.95023 -42.02 18.2261
      vertex 7.95557 -42.02 18.2315
    endloop
  endfacet
  facet normal 0 -1 0
    outer loop
      vertex 8.02906 -42.02 18.1677
      vertex 7.95557 -42.02 18.2315
      vertex 7.95023 -42.02 18.2261
    endloop
  endfacet
  facet normal 0 -1 0
    outer loop
      vertex 7.95557 -42.02 18.2315
      vertex 8.02906 -42.02 18.1677
      vertex 8.03439 -42.02 18.173
    endloop
  endfacet
  facet normal 0 -1 0
    outer loop
      vertex 8.10177 -42.02 18.1018
      vertex 8.03439 -42.02 18.173
      vertex 8.02906 -42.02 18.1677
    endloop
  endfacet
  facet normal 0 -1 0
    outer loop
      vertex 8.03439 -42.02 18.173
      vertex 8.10177 -42.02 18.1018
      vertex 8.1071 -42.02 18.1071
    endloop
  endfacet
  facet normal 0 -1 0
    outer loop
      vertex 8.10177 -42.02 18.1018
      vertex 8.173 -42.02 18.0344
      vertex 8.1071 -42.02 18.1071
    endloop
  endfacet
  facet normal 0 -1 0
    outer loop
      vertex 8.16767 -42.02 18.0291
      vertex 8.173 -42.02 18.0344
      vertex 8.10177 -42.02 18.1018
    endloop
  endfacet
  facet normal 0 -1 0
    outer loop
      vertex 8.16767 -42.02 18.0291
      vertex 8.23146 -42.02 17.9556
      vertex 8.173 -42.02 18.0344
    endloop
  endfacet
  facet normal 0 -1 0
    outer loop
      vertex 8.22613 -42.02 17.9502
      vertex 8.23146 -42.02 17.9556
      vertex 8.16767 -42.02 18.0291
    endloop
  endfacet
  facet normal 0 -1 0
    outer loop
      vertex 8.22613 -42.02 17.9502
      vertex 8.28192 -42.02 17.8714
      vertex 8.23146 -42.02 17.9556
    endloop
  endfacet
  facet normal 0 -1 0
    outer loop
      vertex 8.27659 -42.02 17.8661
      vertex 8.28192 -42.02 17.8714
      vertex 8.22613 -42.02 17.9502
    endloop
  endfacet
  facet normal 0 -1 0
    outer loop
      vertex 8.27659 -42.02 17.8661
      vertex 8.32387 -42.02 17.7827
      vertex 8.28192 -42.02 17.8714
    endloop
  endfacet
  facet normal 0 -1 0
    outer loop
      vertex 8.31853 -42.02 17.7774
      vertex 8.32387 -42.02 17.7827
      vertex 8.27659 -42.02 17.8661
    endloop
  endfacet
  facet normal 0 -1 0
    outer loop
      vertex 8.31853 -42.02 17.7774
      vertex 8.35693 -42.02 17.6903
      vertex 8.32387 -42.02 17.7827
    endloop
  endfacet
  facet normal 0 -1 0
    outer loop
      vertex 8.3516 -42.02 17.6849
      vertex 8.35693 -42.02 17.6903
      vertex 8.31853 -42.02 17.7774
    endloop
  endfacet
  facet normal 0 -1 0
    outer loop
      vertex 8.3516 -42.02 17.6849
      vertex 8.38078 -42.02 17.5951
      vertex 8.35693 -42.02 17.6903
    endloop
  endfacet
  facet normal 0 -1 0
    outer loop
      vertex 8.37545 -42.02 17.5897
      vertex 8.38078 -42.02 17.5951
      vertex 8.3516 -42.02 17.6849
    endloop
  endfacet
  facet normal 0 -1 0
    outer loop
      vertex 8.37545 -42.02 17.5897
      vertex 8.39517 -42.02 17.498
      vertex 8.38078 -42.02 17.5951
    endloop
  endfacet
  facet normal 0 -1 0
    outer loop
      vertex 8.38984 -42.02 17.4927
      vertex 8.39517 -42.02 17.498
      vertex 8.37545 -42.02 17.5897
    endloop
  endfacet
  facet normal 0 -1 0
    outer loop
      vertex 8.38984 -42.02 17.4927
      vertex 8.39999 -42.02 17.4
      vertex 8.39517 -42.02 17.498
    endloop
  endfacet
  facet normal 0 -1 0
    outer loop
      vertex 8.39466 -42.02 17.3947
      vertex 8.39999 -42.02 17.4
      vertex 8.38984 -42.02 17.4927
    endloop
  endfacet
  facet normal 0 -1 0
    outer loop
      vertex 8.39466 -42.02 2.60534
      vertex 8.39999 -42.02 17.4
      vertex 8.39466 -42.02 17.3947
    endloop
  endfacet
  facet normal 0 -1 0
    outer loop
      vertex 8.39466 -42.02 2.60534
      vertex 8.39999 -42.02 2.60001
      vertex 8.39999 -42.02 17.4
    endloop
  endfacet
  facet normal 0 -1 0
    outer loop
      vertex 8.38984 -42.02 2.50732
      vertex 8.39999 -42.02 2.60001
      vertex 8.39466 -42.02 2.60534
    endloop
  endfacet
  facet normal 0 -1 0
    outer loop
      vertex 8.38984 -42.02 2.50732
      vertex 8.39517 -42.02 2.50198
      vertex 8.39999 -42.02 2.60001
    endloop
  endfacet
  facet normal 0 -1 0
    outer loop
      vertex 8.37545 -42.02 2.41026
      vertex 8.39517 -42.02 2.50198
      vertex 8.38984 -42.02 2.50732
    endloop
  endfacet
  facet normal 0 -1 0
    outer loop
      vertex 8.37545 -42.02 2.41026
      vertex 8.38078 -42.02 2.40492
      vertex 8.39517 -42.02 2.50198
    endloop
  endfacet
  facet normal 0 -1 0
    outer loop
      vertex 8.3516 -42.02 2.31506
      vertex 8.38078 -42.02 2.40492
      vertex 8.37545 -42.02 2.41026
    endloop
  endfacet
  facet normal 0 -1 0
    outer loop
      vertex 8.3516 -42.02 2.31506
      vertex 8.35693 -42.02 2.30972
      vertex 8.38078 -42.02 2.40492
    endloop
  endfacet
  facet normal 0 -1 0
    outer loop
      vertex 8.31853 -42.02 2.22265
      vertex 8.35693 -42.02 2.30972
      vertex 8.3516 -42.02 2.31506
    endloop
  endfacet
  facet normal 0 -1 0
    outer loop
      vertex 8.31853 -42.02 2.22265
      vertex 8.32387 -42.02 2.21732
      vertex 8.35693 -42.02 2.30972
    endloop
  endfacet
  facet normal 0 -1 0
    outer loop
      vertex 8.27659 -42.02 2.13395
      vertex 8.32387 -42.02 2.21732
      vertex 8.31853 -42.02 2.22265
    endloop
  endfacet
  facet normal 0 -1 0
    outer loop
      vertex 8.27659 -42.02 2.13395
      vertex 8.28192 -42.02 2.12862
      vertex 8.32387 -42.02 2.21732
    endloop
  endfacet
  facet normal 0 -1 0
    outer loop
      vertex 8.22613 -42.02 2.04977
      vertex 8.28192 -42.02 2.12862
      vertex 8.27659 -42.02 2.13395
    endloop
  endfacet
  facet normal 0 -1 0
    outer loop
      vertex 8.22613 -42.02 2.04977
      vertex 8.23146 -42.02 2.04443
      vertex 8.28192 -42.02 2.12862
    endloop
  endfacet
  facet normal 0 -1 0
    outer loop
      vertex 8.16767 -42.02 1.97094
      vertex 8.23146 -42.02 2.04443
      vertex 8.22613 -42.02 2.04977
    endloop
  endfacet
  facet normal 0 -1 0
    outer loop
      vertex 8.16767 -42.02 1.97094
      vertex 8.173 -42.02 1.96561
      vertex 8.23146 -42.02 2.04443
    endloop
  endfacet
  facet normal 0 -1 0
    outer loop
      vertex 8.10177 -42.02 1.89823
      vertex 8.173 -42.02 1.96561
      vertex 8.16767 -42.02 1.97094
    endloop
  endfacet
  facet normal 0 -1 0
    outer loop
      vertex 8.10177 -42.02 1.89823
      vertex 8.1071 -42.02 1.8929
      vertex 8.173 -42.02 1.96561
    endloop
  endfacet
  facet normal 0 -1 0
    outer loop
      vertex 8.03439 -42.02 1.827
      vertex 8.10177 -42.02 1.89823
      vertex 8.02906 -42.02 1.83233
    endloop
  endfacet
  facet normal 0 -1 -0
    outer loop
      vertex 8.10177 -42.02 1.89823
      vertex 8.03439 -42.02 1.827
      vertex 8.1071 -42.02 1.8929
    endloop
  endfacet
  facet normal 0 -1 0
    outer loop
      vertex 7.95557 -42.02 1.76854
      vertex 8.02906 -42.02 1.83233
      vertex 7.95023 -42.02 1.77387
    endloop
  endfacet
  facet normal 0 -1 -0
    outer loop
      vertex 8.02906 -42.02 1.83233
      vertex 7.95557 -42.02 1.76854
      vertex 8.03439 -42.02 1.827
    endloop
  endfacet
  facet normal 0 -1 0
    outer loop
      vertex 7.87138 -42.02 1.71808
      vertex 7.95023 -42.02 1.77387
      vertex 7.86605 -42.02 1.72341
    endloop
  endfacet
  facet normal 0 -1 -0
    outer loop
      vertex 7.95023 -42.02 1.77387
      vertex 7.87138 -42.02 1.71808
      vertex 7.95557 -42.02 1.76854
    endloop
  endfacet
  facet normal 0 -1 0
    outer loop
      vertex 7.78268 -42.02 1.67613
      vertex 7.86605 -42.02 1.72341
      vertex 7.77735 -42.02 1.68147
    endloop
  endfacet
  facet normal 0 -1 -0
    outer loop
      vertex 7.86605 -42.02 1.72341
      vertex 7.78268 -42.02 1.67613
      vertex 7.87138 -42.02 1.71808
    endloop
  endfacet
  facet normal 0 -1 0
    outer loop
      vertex 7.69028 -42.02 1.64307
      vertex 7.77735 -42.02 1.68147
      vertex 7.68494 -42.02 1.6484
    endloop
  endfacet
  facet normal 0 -1 -0
    outer loop
      vertex 7.77735 -42.02 1.68147
      vertex 7.69028 -42.02 1.64307
      vertex 7.78268 -42.02 1.67613
    endloop
  endfacet
  facet normal 0 -1 0
    outer loop
      vertex 7.59508 -42.02 1.61922
      vertex 7.68494 -42.02 1.6484
      vertex 7.58974 -42.02 1.62455
    endloop
  endfacet
  facet normal 0 -1 -0
    outer loop
      vertex 7.68494 -42.02 1.6484
      vertex 7.59508 -42.02 1.61922
      vertex 7.69028 -42.02 1.64307
    endloop
  endfacet
  facet normal 0 -1 0
    outer loop
      vertex 7.49802 -42.02 1.60483
      vertex 7.58974 -42.02 1.62455
      vertex 7.49268 -42.02 1.61016
    endloop
  endfacet
  facet normal 0 -1 -0
    outer loop
      vertex 7.58974 -42.02 1.62455
      vertex 7.49802 -42.02 1.60483
      vertex 7.59508 -42.02 1.61922
    endloop
  endfacet
  facet normal 0 -1 0
    outer loop
      vertex 7.39999 -42.02 1.60001
      vertex 7.49268 -42.02 1.61016
      vertex 7.39466 -42.02 1.60534
    endloop
  endfacet
  facet normal 0 -1 -0
    outer loop
      vertex -7.39466 -42.02 1.60534
      vertex -7.39999 -42.02 1.60001
      vertex 7.39466 -42.02 1.60534
    endloop
  endfacet
  facet normal 0 -1 0
    outer loop
      vertex 7.39999 -42.02 1.60001
      vertex 7.39466 -42.02 1.60534
      vertex -7.39999 -42.02 1.60001
    endloop
  endfacet
  facet normal 0 -1 -0
    outer loop
      vertex 7.49268 -42.02 1.61016
      vertex 7.39999 -42.02 1.60001
      vertex 7.49802 -42.02 1.60483
    endloop
  endfacet
  facet normal 0.998793 -0 0.0491243
    outer loop
      vertex 8.39517 -42.02 17.498
      vertex 8.39999 0 17.4
      vertex 8.39517 0 17.498
    endloop
  endfacet
  facet normal 0.998793 0 0.0491243
    outer loop
      vertex 8.39999 0 17.4
      vertex 8.39517 -42.02 17.498
      vertex 8.39999 -42.02 17.4
    endloop
  endfacet
  facet normal 0.59572 6.38052e-20 -0.803192
    outer loop
      vertex 7.95557 -42.02 1.76854
      vertex 8.03439 0 1.827
      vertex 8.03439 -42.02 1.827
    endloop
  endfacet
  facet normal 0.59572 6.38052e-20 -0.803192
    outer loop
      vertex 8.03439 0 1.827
      vertex 7.95557 -42.02 1.76854
      vertex 7.95557 0 1.76854
    endloop
  endfacet
  facet normal 0.941548 0 -0.336879
    outer loop
      vertex 8.35693 -42.02 2.30972
      vertex 8.32387 0 2.21732
      vertex 8.35693 0 2.30972
    endloop
  endfacet
  facet normal 0.941548 0 -0.336879
    outer loop
      vertex 8.32387 0 2.21732
      vertex 8.35693 -42.02 2.30972
      vertex 8.32387 -42.02 2.21732
    endloop
  endfacet
  facet normal 0.048906 -8.00251e-22 0.998803
    outer loop
      vertex 7.39999 0 18.4
      vertex 7.49802 -42.02 18.3952
      vertex 7.49802 0 18.3952
    endloop
  endfacet
  facet normal 0.048906 -8.00251e-22 0.998803
    outer loop
      vertex 7.49802 -42.02 18.3952
      vertex 7.39999 0 18.4
      vertex 7.39999 -42.02 18.4
    endloop
  endfacet
  facet normal -0.740908 0 0.671607
    outer loop
      vertex -8.173 -42.02 18.0344
      vertex -8.1071 0 18.1071
      vertex -8.173 0 18.0344
    endloop
  endfacet
  facet normal -0.740908 0 0.671607
    outer loop
      vertex -8.1071 0 18.1071
      vertex -8.173 -42.02 18.0344
      vertex -8.1071 -42.02 18.1071
    endloop
  endfacet
  facet normal 0.941548 -0 0.336879
    outer loop
      vertex 8.32387 -42.02 17.7827
      vertex 8.35693 0 17.6903
      vertex 8.32387 0 17.7827
    endloop
  endfacet
  facet normal 0.941548 0 0.336879
    outer loop
      vertex 8.35693 0 17.6903
      vertex 8.32387 -42.02 17.7827
      vertex 8.35693 -42.02 17.6903
    endloop
  endfacet
  facet normal 0.970023 0 -0.243015
    outer loop
      vertex 8.38078 -42.02 2.40492
      vertex 8.35693 0 2.30972
      vertex 8.38078 0 2.40492
    endloop
  endfacet
  facet normal 0.970023 0 -0.243015
    outer loop
      vertex 8.35693 0 2.30972
      vertex 8.38078 -42.02 2.40492
      vertex 8.35693 -42.02 2.30972
    endloop
  endfacet
  facet normal 0.671556 -5.84613e-20 -0.740954
    outer loop
      vertex 8.03439 -42.02 1.827
      vertex 8.1071 0 1.8929
      vertex 8.1071 -42.02 1.8929
    endloop
  endfacet
  facet normal 0.671556 -5.84613e-20 -0.740954
    outer loop
      vertex 8.1071 0 1.8929
      vertex 8.03439 -42.02 1.827
      vertex 8.03439 0 1.827
    endloop
  endfacet
  facet normal -0.998793 0 0.0491243
    outer loop
      vertex -8.39999 -42.02 17.4
      vertex -8.39517 0 17.498
      vertex -8.39999 0 17.4
    endloop
  endfacet
  facet normal -0.998793 0 0.0491243
    outer loop
      vertex -8.39517 0 17.498
      vertex -8.39999 -42.02 17.4
      vertex -8.39517 -42.02 17.498
    endloop
  endfacet
  facet normal -0.243015 -1.69363e-21 -0.970023
    outer loop
      vertex -7.69028 -42.02 1.64307
      vertex -7.59508 0 1.61922
      vertex -7.59508 -42.02 1.61922
    endloop
  endfacet
  facet normal -0.243015 -1.69363e-21 -0.970023
    outer loop
      vertex -7.59508 0 1.61922
      vertex -7.69028 -42.02 1.64307
      vertex -7.69028 0 1.64307
    endloop
  endfacet
  facet normal 0.970023 -0 0.243015
    outer loop
      vertex 8.35693 -42.02 17.6903
      vertex 8.38078 0 17.5951
      vertex 8.35693 0 17.6903
    endloop
  endfacet
  facet normal 0.970023 0 0.243015
    outer loop
      vertex 8.38078 0 17.5951
      vertex 8.35693 -42.02 17.6903
      vertex 8.38078 -42.02 17.5951
    endloop
  endfacet
  facet normal -0.0491093 -2.51614e-21 -0.998793
    outer loop
      vertex -7.49802 -42.02 1.60483
      vertex -7.39999 0 1.60001
      vertex -7.39999 -42.02 1.60001
    endloop
  endfacet
  facet normal -0.0491093 -2.51614e-21 -0.998793
    outer loop
      vertex -7.39999 0 1.60001
      vertex -7.49802 -42.02 1.60483
      vertex -7.49802 0 1.60483
    endloop
  endfacet
  facet normal 0.903997 -0 0.427539
    outer loop
      vertex 8.28192 -42.02 17.8714
      vertex 8.32387 0 17.7827
      vertex 8.28192 0 17.8714
    endloop
  endfacet
  facet normal 0.903997 0 0.427539
    outer loop
      vertex 8.32387 0 17.7827
      vertex 8.28192 -42.02 17.8714
      vertex 8.32387 -42.02 17.7827
    endloop
  endfacet
  facet normal 0.243494 9.15486e-22 0.969902
    outer loop
      vertex 7.59508 0 18.3808
      vertex 7.69028 -42.02 18.3569
      vertex 7.69028 0 18.3569
    endloop
  endfacet
  facet normal 0.243494 9.15486e-22 0.969902
    outer loop
      vertex 7.69028 -42.02 18.3569
      vertex 7.59508 0 18.3808
      vertex 7.59508 -42.02 18.3808
    endloop
  endfacet
  facet normal -0.740954 0 -0.671556
    outer loop
      vertex -8.1071 -42.02 1.8929
      vertex -8.173 0 1.96561
      vertex -8.1071 0 1.8929
    endloop
  endfacet
  facet normal -0.740954 -0 -0.671556
    outer loop
      vertex -8.173 0 1.96561
      vertex -8.1071 -42.02 1.8929
      vertex -8.173 -42.02 1.96561
    endloop
  endfacet
  facet normal 0.903997 0 -0.427539
    outer loop
      vertex 8.32387 -42.02 2.21732
      vertex 8.28192 0 2.12862
      vertex 8.32387 0 2.21732
    endloop
  endfacet
  facet normal 0.903997 0 -0.427539
    outer loop
      vertex 8.28192 0 2.12862
      vertex 8.32387 -42.02 2.21732
      vertex 8.28192 -42.02 2.12862
    endloop
  endfacet
  facet normal 0.80312 -0 0.595817
    outer loop
      vertex 8.173 -42.02 18.0344
      vertex 8.23146 0 17.9556
      vertex 8.173 0 18.0344
    endloop
  endfacet
  facet normal 0.80312 0 0.595817
    outer loop
      vertex 8.23146 0 17.9556
      vertex 8.173 -42.02 18.0344
      vertex 8.23146 -42.02 17.9556
    endloop
  endfacet
  facet normal 0.989196 -0 0.146597
    outer loop
      vertex 8.38078 -42.02 17.5951
      vertex 8.39517 0 17.498
      vertex 8.38078 0 17.5951
    endloop
  endfacet
  facet normal 0.989196 0 0.146597
    outer loop
      vertex 8.39517 0 17.498
      vertex 8.38078 -42.02 17.5951
      vertex 8.39517 -42.02 17.498
    endloop
  endfacet
  facet normal 0.146755 1.21558e-20 0.989173
    outer loop
      vertex 7.49802 0 18.3952
      vertex 7.59508 -42.02 18.3808
      vertex 7.59508 0 18.3808
    endloop
  endfacet
  facet normal 0.146755 1.21558e-20 0.989173
    outer loop
      vertex 7.59508 -42.02 18.3808
      vertex 7.49802 0 18.3952
      vertex 7.49802 -42.02 18.3952
    endloop
  endfacet
  facet normal -0.595983 4.21326e-20 0.802997
    outer loop
      vertex -8.03439 0 18.173
      vertex -7.95557 -42.02 18.2315
      vertex -7.95557 0 18.2315
    endloop
  endfacet
  facet normal -0.595983 4.21326e-20 0.802997
    outer loop
      vertex -7.95557 -42.02 18.2315
      vertex -8.03439 0 18.173
      vertex -8.03439 -42.02 18.173
    endloop
  endfacet
  facet normal 0.857736 0 -0.514091
    outer loop
      vertex 8.28192 -42.02 2.12862
      vertex 8.23146 0 2.04443
      vertex 8.28192 0 2.12862
    endloop
  endfacet
  facet normal 0.857736 0 -0.514091
    outer loop
      vertex 8.23146 0 2.04443
      vertex 8.28192 -42.02 2.12862
      vertex 8.23146 -42.02 2.04443
    endloop
  endfacet
  facet normal 0.998793 0 -0.0491093
    outer loop
      vertex 8.39999 -42.02 2.60001
      vertex 8.39517 0 2.50198
      vertex 8.39999 0 2.60001
    endloop
  endfacet
  facet normal 0.998793 0 -0.0491093
    outer loop
      vertex 8.39517 0 2.50198
      vertex 8.39999 -42.02 2.60001
      vertex 8.39517 -42.02 2.50198
    endloop
  endfacet
  facet normal -0.998793 0 -0.0491093
    outer loop
      vertex -8.39517 -42.02 2.50198
      vertex -8.39999 0 2.60001
      vertex -8.39517 0 2.50198
    endloop
  endfacet
  facet normal -0.998793 -0 -0.0491093
    outer loop
      vertex -8.39999 0 2.60001
      vertex -8.39517 -42.02 2.50198
      vertex -8.39999 -42.02 2.60001
    endloop
  endfacet
  facet normal 0.857762 -0 0.514046
    outer loop
      vertex 8.23146 -42.02 17.9556
      vertex 8.28192 0 17.8714
      vertex 8.23146 0 17.9556
    endloop
  endfacet
  facet normal 0.857762 0 0.514046
    outer loop
      vertex 8.28192 0 17.8714
      vertex 8.23146 -42.02 17.9556
      vertex 8.28192 -42.02 17.8714
    endloop
  endfacet
  facet normal 0.989188 0 -0.146656
    outer loop
      vertex 8.39517 -42.02 2.50198
      vertex 8.38078 0 2.40492
      vertex 8.39517 0 2.50198
    endloop
  endfacet
  facet normal 0.989188 0 -0.146656
    outer loop
      vertex 8.38078 0 2.40492
      vertex 8.39517 -42.02 2.50198
      vertex 8.38078 -42.02 2.40492
    endloop
  endfacet
  facet normal 0.740908 -0 0.671607
    outer loop
      vertex 8.1071 -42.02 18.1071
      vertex 8.173 0 18.0344
      vertex 8.1071 0 18.1071
    endloop
  endfacet
  facet normal 0.740908 0 0.671607
    outer loop
      vertex 8.173 0 18.0344
      vertex 8.1071 -42.02 18.1071
      vertex 8.173 -42.02 18.0344
    endloop
  endfacet
  facet normal 0.513641 -9.46315e-20 0.858005
    outer loop
      vertex 7.87138 0 18.2819
      vertex 7.95557 -42.02 18.2315
      vertex 7.95557 0 18.2315
    endloop
  endfacet
  facet normal 0.513641 -9.46315e-20 0.858005
    outer loop
      vertex 7.95557 -42.02 18.2315
      vertex 7.87138 0 18.2819
      vertex 7.87138 -42.02 18.2819
    endloop
  endfacet
  facet normal 0.740954 0 -0.671556
    outer loop
      vertex 8.173 -42.02 1.96561
      vertex 8.1071 0 1.8929
      vertex 8.173 0 1.96561
    endloop
  endfacet
  facet normal 0.740954 0 -0.671556
    outer loop
      vertex 8.1071 0 1.8929
      vertex 8.173 -42.02 1.96561
      vertex 8.1071 -42.02 1.8929
    endloop
  endfacet
  facet normal 0.671556 -5.61707e-20 0.740954
    outer loop
      vertex 8.03439 0 18.173
      vertex 8.1071 -42.02 18.1071
      vertex 8.1071 0 18.1071
    endloop
  endfacet
  facet normal 0.671556 -5.61707e-20 0.740954
    outer loop
      vertex 8.1071 -42.02 18.1071
      vertex 8.03439 0 18.173
      vertex 8.03439 -42.02 18.173
    endloop
  endfacet
  facet normal -0.243494 -9.15486e-22 0.969902
    outer loop
      vertex -7.69028 0 18.3569
      vertex -7.59508 -42.02 18.3808
      vertex -7.59508 0 18.3808
    endloop
  endfacet
  facet normal -0.243494 -9.15486e-22 0.969902
    outer loop
      vertex -7.59508 -42.02 18.3808
      vertex -7.69028 0 18.3569
      vertex -7.69028 -42.02 18.3569
    endloop
  endfacet
  facet normal 0.514091 9.62111e-21 -0.857736
    outer loop
      vertex 7.87138 -42.02 1.71808
      vertex 7.95557 0 1.76854
      vertex 7.95557 -42.02 1.76854
    endloop
  endfacet
  facet normal 0.514091 9.62111e-21 -0.857736
    outer loop
      vertex 7.95557 0 1.76854
      vertex 7.87138 -42.02 1.71808
      vertex 7.87138 0 1.71808
    endloop
  endfacet
  facet normal -0.941548 0 -0.336879
    outer loop
      vertex -8.32387 -42.02 2.21732
      vertex -8.35693 0 2.30972
      vertex -8.32387 0 2.21732
    endloop
  endfacet
  facet normal -0.941548 -0 -0.336879
    outer loop
      vertex -8.35693 0 2.30972
      vertex -8.32387 -42.02 2.21732
      vertex -8.35693 -42.02 2.30972
    endloop
  endfacet
  facet normal -0.970023 0 -0.243015
    outer loop
      vertex -8.35693 -42.02 2.30972
      vertex -8.38078 0 2.40492
      vertex -8.35693 0 2.30972
    endloop
  endfacet
  facet normal -0.970023 -0 -0.243015
    outer loop
      vertex -8.38078 0 2.40492
      vertex -8.35693 -42.02 2.30972
      vertex -8.38078 -42.02 2.40492
    endloop
  endfacet
  facet normal 0.427539 -2.51714e-20 -0.903997
    outer loop
      vertex 7.78268 -42.02 1.67613
      vertex 7.87138 0 1.71808
      vertex 7.87138 -42.02 1.71808
    endloop
  endfacet
  facet normal 0.427539 -2.51714e-20 -0.903997
    outer loop
      vertex 7.87138 0 1.71808
      vertex 7.78268 -42.02 1.67613
      vertex 7.78268 0 1.67613
    endloop
  endfacet
  facet normal -0.857762 0 0.514046
    outer loop
      vertex -8.28192 -42.02 17.8714
      vertex -8.23146 0 17.9556
      vertex -8.28192 0 17.8714
    endloop
  endfacet
  facet normal -0.857762 0 0.514046
    outer loop
      vertex -8.23146 0 17.9556
      vertex -8.28192 -42.02 17.8714
      vertex -8.23146 -42.02 17.9556
    endloop
  endfacet
  facet normal -0.671556 5.84613e-20 -0.740954
    outer loop
      vertex -8.1071 -42.02 1.8929
      vertex -8.03439 0 1.827
      vertex -8.03439 -42.02 1.827
    endloop
  endfacet
  facet normal -0.671556 5.84613e-20 -0.740954
    outer loop
      vertex -8.03439 0 1.827
      vertex -8.1071 -42.02 1.8929
      vertex -8.1071 0 1.8929
    endloop
  endfacet
  facet normal 0.803192 0 -0.59572
    outer loop
      vertex 8.23146 -42.02 2.04443
      vertex 8.173 0 1.96561
      vertex 8.23146 0 2.04443
    endloop
  endfacet
  facet normal 0.803192 0 -0.59572
    outer loop
      vertex 8.173 0 1.96561
      vertex 8.23146 -42.02 2.04443
      vertex 8.173 -42.02 1.96561
    endloop
  endfacet
  facet normal 0.427955 4.62515e-21 0.9038
    outer loop
      vertex 7.78268 0 18.3239
      vertex 7.87138 -42.02 18.2819
      vertex 7.87138 0 18.2819
    endloop
  endfacet
  facet normal 0.427955 4.62515e-21 0.9038
    outer loop
      vertex 7.87138 -42.02 18.2819
      vertex 7.78268 0 18.3239
      vertex 7.78268 -42.02 18.3239
    endloop
  endfacet
  facet normal -0.427539 2.51714e-20 -0.903997
    outer loop
      vertex -7.87138 -42.02 1.71808
      vertex -7.78268 0 1.67613
      vertex -7.78268 -42.02 1.67613
    endloop
  endfacet
  facet normal -0.427539 2.51714e-20 -0.903997
    outer loop
      vertex -7.78268 0 1.67613
      vertex -7.87138 -42.02 1.71808
      vertex -7.87138 0 1.71808
    endloop
  endfacet
  facet normal -0.80312 0 0.595817
    outer loop
      vertex -8.23146 -42.02 17.9556
      vertex -8.173 0 18.0344
      vertex -8.23146 0 17.9556
    endloop
  endfacet
  facet normal -0.80312 0 0.595817
    outer loop
      vertex -8.173 0 18.0344
      vertex -8.23146 -42.02 17.9556
      vertex -8.173 -42.02 18.0344
    endloop
  endfacet
  facet normal 0.595983 -4.21326e-20 0.802997
    outer loop
      vertex 7.95557 0 18.2315
      vertex 8.03439 -42.02 18.173
      vertex 8.03439 0 18.173
    endloop
  endfacet
  facet normal 0.595983 -4.21326e-20 0.802997
    outer loop
      vertex 8.03439 -42.02 18.173
      vertex 7.95557 0 18.2315
      vertex 7.95557 -42.02 18.2315
    endloop
  endfacet
  facet normal -0.989196 0 0.146597
    outer loop
      vertex -8.39517 -42.02 17.498
      vertex -8.38078 0 17.5951
      vertex -8.39517 0 17.498
    endloop
  endfacet
  facet normal -0.989196 0 0.146597
    outer loop
      vertex -8.38078 0 17.5951
      vertex -8.39517 -42.02 17.498
      vertex -8.38078 -42.02 17.5951
    endloop
  endfacet
  facet normal -0.857736 0 -0.514091
    outer loop
      vertex -8.23146 -42.02 2.04443
      vertex -8.28192 0 2.12862
      vertex -8.23146 0 2.04443
    endloop
  endfacet
  facet normal -0.857736 -0 -0.514091
    outer loop
      vertex -8.28192 0 2.12862
      vertex -8.23146 -42.02 2.04443
      vertex -8.28192 -42.02 2.12862
    endloop
  endfacet
  facet normal -0.146656 3.08594e-21 -0.989188
    outer loop
      vertex -7.59508 -42.02 1.61922
      vertex -7.49802 0 1.60483
      vertex -7.49802 -42.02 1.60483
    endloop
  endfacet
  facet normal -0.146656 3.08594e-21 -0.989188
    outer loop
      vertex -7.49802 0 1.60483
      vertex -7.59508 -42.02 1.61922
      vertex -7.59508 0 1.61922
    endloop
  endfacet
  facet normal -0.146755 -1.21558e-20 0.989173
    outer loop
      vertex -7.59508 0 18.3808
      vertex -7.49802 -42.02 18.3952
      vertex -7.49802 0 18.3952
    endloop
  endfacet
  facet normal -0.146755 -1.21558e-20 0.989173
    outer loop
      vertex -7.49802 -42.02 18.3952
      vertex -7.59508 0 18.3808
      vertex -7.59508 -42.02 18.3808
    endloop
  endfacet
  facet normal 0.243015 1.69363e-21 -0.970023
    outer loop
      vertex 7.59508 -42.02 1.61922
      vertex 7.69028 0 1.64307
      vertex 7.69028 -42.02 1.64307
    endloop
  endfacet
  facet normal 0.243015 1.69363e-21 -0.970023
    outer loop
      vertex 7.69028 0 1.64307
      vertex 7.59508 -42.02 1.61922
      vertex 7.59508 0 1.61922
    endloop
  endfacet
  facet normal -0.336879 2.49657e-20 -0.941548
    outer loop
      vertex -7.78268 -42.02 1.67613
      vertex -7.69028 0 1.64307
      vertex -7.69028 -42.02 1.64307
    endloop
  endfacet
  facet normal -0.336879 2.49657e-20 -0.941548
    outer loop
      vertex -7.69028 0 1.64307
      vertex -7.78268 -42.02 1.67613
      vertex -7.78268 0 1.67613
    endloop
  endfacet
  facet normal 0.146656 -3.08594e-21 -0.989188
    outer loop
      vertex 7.49802 -42.02 1.60483
      vertex 7.59508 0 1.61922
      vertex 7.59508 -42.02 1.61922
    endloop
  endfacet
  facet normal 0.146656 -3.08594e-21 -0.989188
    outer loop
      vertex 7.59508 0 1.61922
      vertex 7.49802 -42.02 1.60483
      vertex 7.49802 0 1.60483
    endloop
  endfacet
  facet normal 0.0491093 2.51614e-21 -0.998793
    outer loop
      vertex 7.39999 -42.02 1.60001
      vertex 7.49802 0 1.60483
      vertex 7.49802 -42.02 1.60483
    endloop
  endfacet
  facet normal 0.0491093 2.51614e-21 -0.998793
    outer loop
      vertex 7.49802 0 1.60483
      vertex 7.39999 -42.02 1.60001
      vertex 7.39999 0 1.60001
    endloop
  endfacet
  facet normal -0.941548 0 0.336879
    outer loop
      vertex -8.35693 -42.02 17.6903
      vertex -8.32387 0 17.7827
      vertex -8.35693 0 17.6903
    endloop
  endfacet
  facet normal -0.941548 0 0.336879
    outer loop
      vertex -8.32387 0 17.7827
      vertex -8.35693 -42.02 17.6903
      vertex -8.32387 -42.02 17.7827
    endloop
  endfacet
  facet normal -0.903997 0 -0.427539
    outer loop
      vertex -8.28192 -42.02 2.12862
      vertex -8.32387 0 2.21732
      vertex -8.28192 0 2.12862
    endloop
  endfacet
  facet normal -0.903997 -0 -0.427539
    outer loop
      vertex -8.32387 0 2.21732
      vertex -8.28192 -42.02 2.12862
      vertex -8.32387 -42.02 2.21732
    endloop
  endfacet
  facet normal -0.514091 -9.62111e-21 -0.857736
    outer loop
      vertex -7.95557 -42.02 1.76854
      vertex -7.87138 0 1.71808
      vertex -7.87138 -42.02 1.71808
    endloop
  endfacet
  facet normal -0.514091 -9.62111e-21 -0.857736
    outer loop
      vertex -7.87138 0 1.71808
      vertex -7.95557 -42.02 1.76854
      vertex -7.95557 0 1.76854
    endloop
  endfacet
  facet normal -0.0473021 -0.269133 -0.961941
    outer loop
      vertex -6.69801 -45 2.40483
      vertex -7.39466 -42.02 1.60534
      vertex -6.59999 -45 2.40001
    endloop
  endfacet
  facet normal -0.0473021 -0.269133 -0.961941
    outer loop
      vertex -7.39466 -42.02 1.60534
      vertex -6.69801 -45 2.40483
      vertex -7.49268 -42.02 1.61016
    endloop
  endfacet
  facet normal 0.558103 -0.349514 -0.75257
    outer loop
      vertex 7.23439 -45 2.627
      vertex 7.95023 -42.02 1.77387
      vertex 8.02906 -42.02 1.83233
    endloop
  endfacet
  facet normal 0.558103 -0.349514 -0.75257
    outer loop
      vertex 7.95023 -42.02 1.77387
      vertex 7.23439 -45 2.627
      vertex 7.15556 -45 2.56854
    endloop
  endfacet
  facet normal 0.69335 -0.3525 0.628498
    outer loop
      vertex 7.3071 -45 17.3071
      vertex 8.16767 -42.02 18.0291
      vertex 8.10177 -42.02 18.1018
    endloop
  endfacet
  facet normal 0.69335 -0.3525 0.628498
    outer loop
      vertex 8.16767 -42.02 18.0291
      vertex 7.3071 -45 17.3071
      vertex 7.373 -45 17.2344
    endloop
  endfacet
  facet normal -0.482425 -0.343527 0.805764
    outer loop
      vertex -7.86605 -42.02 18.2766
      vertex -7.15556 -45 17.4315
      vertex -7.07138 -45 17.4819
    endloop
  endfacet
  facet normal -0.483121 -0.343569 0.805329
    outer loop
      vertex -7.15556 -45 17.4315
      vertex -7.86605 -42.02 18.2766
      vertex -7.95023 -42.02 18.2261
    endloop
  endfacet
  facet normal 0.140359 -0.289887 -0.946713
    outer loop
      vertex 6.79507 -45 2.41922
      vertex 7.49268 -42.02 1.61016
      vertex 7.58974 -42.02 1.62455
    endloop
  endfacet
  facet normal 0.140359 -0.289887 -0.946713
    outer loop
      vertex 7.49268 -42.02 1.61016
      vertex 6.79507 -45 2.41922
      vertex 6.69801 -45 2.40483
    endloop
  endfacet
  facet normal 0.231668 -0.307867 0.922794
    outer loop
      vertex 7.58974 -42.02 18.3755
      vertex 6.89027 -45 17.5569
      vertex 7.68494 -42.02 18.3516
    endloop
  endfacet
  facet normal 0.231668 -0.307867 0.922794
    outer loop
      vertex 6.89027 -45 17.5569
      vertex 7.58974 -42.02 18.3755
      vertex 6.79507 -45 17.5808
    endloop
  endfacet
  facet normal 0.96194 -0.269135 0.0473117
    outer loop
      vertex 7.59517 -45 16.698
      vertex 8.39466 -42.02 17.3947
      vertex 8.38984 -42.02 17.4927
    endloop
  endfacet
  facet normal 0.96194 -0.269135 0.0473117
    outer loop
      vertex 8.39466 -42.02 17.3947
      vertex 7.59517 -45 16.698
      vertex 7.59999 -45 16.6
    endloop
  endfacet
  facet normal 0.693395 -0.352494 -0.628452
    outer loop
      vertex 7.3071 -45 2.6929
      vertex 8.16767 -42.02 1.97094
      vertex 7.373 -45 2.76561
    endloop
  endfacet
  facet normal 0.693395 -0.352494 -0.628452
    outer loop
      vertex 8.16767 -42.02 1.97094
      vertex 7.3071 -45 2.6929
      vertex 8.10177 -42.02 1.89823
    endloop
  endfacet
  facet normal 0.0473021 -0.269133 -0.961941
    outer loop
      vertex 6.69801 -45 2.40483
      vertex 7.39466 -42.02 1.60534
      vertex 7.49268 -42.02 1.61016
    endloop
  endfacet
  facet normal 0.0473021 -0.269133 -0.961941
    outer loop
      vertex 7.39466 -42.02 1.60534
      vertex 6.69801 -45 2.40483
      vertex 6.59999 -45 2.40001
    endloop
  endfacet
  facet normal -0.318323 -0.322604 0.891402
    outer loop
      vertex -7.68494 -42.02 18.3516
      vertex -6.98268 -45 17.5239
      vertex -6.89027 -45 17.5569
    endloop
  endfacet
  facet normal -0.319166 -0.322708 0.891062
    outer loop
      vertex -6.98268 -45 17.5239
      vertex -7.68494 -42.02 18.3516
      vertex -7.77735 -42.02 18.3185
    endloop
  endfacet
  facet normal -0.851928 -0.3346 -0.402817
    outer loop
      vertex -7.48192 -45 2.92862
      vertex -8.31853 -42.02 2.22265
      vertex -8.27659 -42.02 2.13395
    endloop
  endfacet
  facet normal -0.851928 -0.3346 -0.402817
    outer loop
      vertex -8.31853 -42.02 2.22265
      vertex -7.48192 -45 2.92862
      vertex -7.52386 -45 3.01732
    endloop
  endfacet
  facet normal -0.966235 -0.257664 -2.7799e-18
    outer loop
      vertex -7.59999 -45 3.40001
      vertex -8.39466 -42.02 17.3947
      vertex -8.39466 -42.02 2.60534
    endloop
  endfacet
  facet normal -0.966235 -0.257664 -3.11462e-18
    outer loop
      vertex -8.39466 -42.02 17.3947
      vertex -7.59999 -45 3.40001
      vertex -7.59999 -45 16.6
    endloop
  endfacet
  facet normal 1.36696e-18 -0.257673 0.966232
    outer loop
      vertex 7.39466 -42.02 18.3947
      vertex -6.59999 -45 17.6
      vertex 6.59999 -45 17.6
    endloop
  endfacet
  facet normal 1.22006e-18 -0.257673 0.966232
    outer loop
      vertex -6.59999 -45 17.6
      vertex 7.39466 -42.02 18.3947
      vertex -7.39466 -42.02 18.3947
    endloop
  endfacet
  facet normal -0.0471068 -0.269096 0.961961
    outer loop
      vertex -7.39466 -42.02 18.3947
      vertex -6.69801 -45 17.5952
      vertex -6.59999 -45 17.6
    endloop
  endfacet
  facet normal -0.048083 -0.269296 0.961856
    outer loop
      vertex -6.69801 -45 17.5952
      vertex -7.39466 -42.02 18.3947
      vertex -7.49268 -42.02 18.3898
    endloop
  endfacet
  facet normal 0.805501 -0.343559 -0.482841
    outer loop
      vertex 7.43146 -45 2.84444
      vertex 8.27659 -42.02 2.13395
      vertex 7.48192 -45 2.92862
    endloop
  endfacet
  facet normal 0.805501 -0.343559 -0.482841
    outer loop
      vertex 8.27659 -42.02 2.13395
      vertex 7.43146 -45 2.84444
      vertex 8.22613 -42.02 2.04977
    endloop
  endfacet
  facet normal -0.140359 -0.289887 -0.946713
    outer loop
      vertex -6.79507 -45 2.41922
      vertex -7.49268 -42.02 1.61016
      vertex -6.69801 -45 2.40483
    endloop
  endfacet
  facet normal -0.140359 -0.289887 -0.946713
    outer loop
      vertex -7.49268 -42.02 1.61016
      vertex -6.79507 -45 2.41922
      vertex -7.58974 -42.02 1.62455
    endloop
  endfacet
  facet normal -0.628452 -0.352494 -0.693395
    outer loop
      vertex -7.3071 -45 2.6929
      vertex -8.02906 -42.02 1.83233
      vertex -7.23439 -45 2.627
    endloop
  endfacet
  facet normal -0.628452 -0.352494 -0.693395
    outer loop
      vertex -8.02906 -42.02 1.83233
      vertex -7.3071 -45 2.6929
      vertex -8.10177 -42.02 1.89823
    endloop
  endfacet
  facet normal 0.319166 -0.322708 0.891062
    outer loop
      vertex 7.68494 -42.02 18.3516
      vertex 6.98268 -45 17.5239
      vertex 7.77735 -42.02 18.3185
    endloop
  endfacet
  facet normal 0.318323 -0.322604 0.891402
    outer loop
      vertex 6.98268 -45 17.5239
      vertex 7.68494 -42.02 18.3516
      vertex 6.89027 -45 17.5569
    endloop
  endfacet
  facet normal -0.482841 -0.343559 -0.805501
    outer loop
      vertex -7.15556 -45 2.56854
      vertex -7.86605 -42.02 1.72341
      vertex -7.07138 -45 2.51808
    endloop
  endfacet
  facet normal -0.482841 -0.343559 -0.805501
    outer loop
      vertex -7.86605 -42.02 1.72341
      vertex -7.15556 -45 2.56854
      vertex -7.95023 -42.02 1.77387
    endloop
  endfacet
  facet normal 0.752811 -0.3495 0.557786
    outer loop
      vertex 7.373 -45 17.2344
      vertex 8.22613 -42.02 17.9502
      vertex 8.16767 -42.02 18.0291
    endloop
  endfacet
  facet normal 0.752469 -0.349511 0.55824
    outer loop
      vertex 8.22613 -42.02 17.9502
      vertex 7.373 -45 17.2344
      vertex 7.43146 -45 17.1556
    endloop
  endfacet
  facet normal 0 -0.257664 -0.966235
    outer loop
      vertex -6.59999 -45 2.40001
      vertex 7.39466 -42.02 1.60534
      vertex 6.59999 -45 2.40001
    endloop
  endfacet
  facet normal -0 -0.257664 -0.966235
    outer loop
      vertex 7.39466 -42.02 1.60534
      vertex -6.59999 -45 2.40001
      vertex -7.39466 -42.02 1.60534
    endloop
  endfacet
  facet normal 0.966235 -0.257664 2.7799e-18
    outer loop
      vertex 7.59999 -45 16.6
      vertex 8.39466 -42.02 2.60534
      vertex 8.39466 -42.02 17.3947
    endloop
  endfacet
  facet normal 0.966235 -0.257664 3.11462e-18
    outer loop
      vertex 8.39466 -42.02 2.60534
      vertex 7.59999 -45 16.6
      vertex 7.59999 -45 3.40001
    endloop
  endfacet
  facet normal -0.75257 -0.349514 -0.558103
    outer loop
      vertex -7.373 -45 2.76561
      vertex -8.22613 -42.02 2.04977
      vertex -8.16767 -42.02 1.97094
    endloop
  endfacet
  facet normal -0.75257 -0.349514 -0.558103
    outer loop
      vertex -8.22613 -42.02 2.04977
      vertex -7.373 -45 2.76561
      vertex -7.43146 -45 2.84444
    endloop
  endfacet
  facet normal -0.318912 -0.322688 -0.891161
    outer loop
      vertex -6.98268 -45 2.47614
      vertex -7.68494 -42.02 1.6484
      vertex -6.89027 -45 2.44307
    endloop
  endfacet
  facet normal -0.318912 -0.322688 -0.891161
    outer loop
      vertex -7.68494 -42.02 1.6484
      vertex -6.98268 -45 2.47614
      vertex -7.77735 -42.02 1.68147
    endloop
  endfacet
  facet normal 0.851928 -0.3346 -0.402817
    outer loop
      vertex 7.48192 -45 2.92862
      vertex 8.31853 -42.02 2.22265
      vertex 7.52386 -45 3.01732
    endloop
  endfacet
  facet normal 0.851928 -0.3346 -0.402817
    outer loop
      vertex 8.31853 -42.02 2.22265
      vertex 7.48192 -45 2.92862
      vertex 8.27659 -42.02 2.13395
    endloop
  endfacet
  facet normal 0.946696 -0.289902 0.140443
    outer loop
      vertex 7.58078 -45 16.7951
      vertex 8.38984 -42.02 17.4927
      vertex 8.37545 -42.02 17.5897
    endloop
  endfacet
  facet normal 0.946724 -0.289876 0.140302
    outer loop
      vertex 8.38984 -42.02 17.4927
      vertex 7.58078 -45 16.7951
      vertex 7.59517 -45 16.698
    endloop
  endfacet
  facet normal -0.62845 -0.3525 0.693393
    outer loop
      vertex -8.02906 -42.02 18.1677
      vertex -7.3071 -45 17.3071
      vertex -7.23439 -45 17.373
    endloop
  endfacet
  facet normal -0.62845 -0.3525 0.693393
    outer loop
      vertex -7.3071 -45 17.3071
      vertex -8.02906 -42.02 18.1677
      vertex -8.10177 -42.02 18.1018
    endloop
  endfacet
  facet normal 0.231219 -0.307776 -0.922936
    outer loop
      vertex 6.89027 -45 2.44307
      vertex 7.58974 -42.02 1.62455
      vertex 7.68494 -42.02 1.6484
    endloop
  endfacet
  facet normal 0.231219 -0.307776 -0.922936
    outer loop
      vertex 7.58974 -42.02 1.62455
      vertex 6.89027 -45 2.44307
      vertex 6.79507 -45 2.41922
    endloop
  endfacet
  facet normal -0.922938 -0.307771 0.231219
    outer loop
      vertex -7.55693 -45 16.8903
      vertex -8.37545 -42.02 17.5897
      vertex -7.58078 -45 16.7951
    endloop
  endfacet
  facet normal -0.922938 -0.307771 0.231219
    outer loop
      vertex -8.37545 -42.02 17.5897
      vertex -7.55693 -45 16.8903
      vertex -8.3516 -42.02 17.6849
    endloop
  endfacet
  facet normal -0.140454 -0.289886 0.946699
    outer loop
      vertex -7.49268 -42.02 18.3898
      vertex -6.79507 -45 17.5808
      vertex -6.69801 -45 17.5952
    endloop
  endfacet
  facet normal -0.139507 -0.289717 0.946891
    outer loop
      vertex -6.79507 -45 17.5808
      vertex -7.49268 -42.02 18.3898
      vertex -7.58974 -42.02 18.3755
    endloop
  endfacet
  facet normal -0.558349 -0.349513 0.752387
    outer loop
      vertex -7.95023 -42.02 18.2261
      vertex -7.23439 -45 17.373
      vertex -7.15556 -45 17.4315
    endloop
  endfacet
  facet normal -0.557736 -0.349498 0.752849
    outer loop
      vertex -7.23439 -45 17.373
      vertex -7.95023 -42.02 18.2261
      vertex -8.02906 -42.02 18.1677
    endloop
  endfacet
  facet normal -0.961941 -0.269133 -0.0473021
    outer loop
      vertex -7.59517 -45 3.30199
      vertex -8.39466 -42.02 2.60534
      vertex -8.38984 -42.02 2.50732
    endloop
  endfacet
  facet normal -0.961941 -0.269133 -0.0473021
    outer loop
      vertex -8.39466 -42.02 2.60534
      vertex -7.59517 -45 3.30199
      vertex -7.59999 -45 3.40001
    endloop
  endfacet
  facet normal 0.75257 -0.349514 -0.558103
    outer loop
      vertex 7.373 -45 2.76561
      vertex 8.22613 -42.02 2.04977
      vertex 7.43146 -45 2.84444
    endloop
  endfacet
  facet normal 0.75257 -0.349514 -0.558103
    outer loop
      vertex 8.22613 -42.02 2.04977
      vertex 7.373 -45 2.76561
      vertex 8.16767 -42.02 1.97094
    endloop
  endfacet
  facet normal 0.922938 -0.307771 0.231219
    outer loop
      vertex 7.55693 -45 16.8903
      vertex 8.37545 -42.02 17.5897
      vertex 8.3516 -42.02 17.6849
    endloop
  endfacet
  facet normal 0.922938 -0.307771 0.231219
    outer loop
      vertex 8.37545 -42.02 17.5897
      vertex 7.55693 -45 16.8903
      vertex 7.58078 -45 16.7951
    endloop
  endfacet
  facet normal 0.048083 -0.269296 0.961856
    outer loop
      vertex 7.39466 -42.02 18.3947
      vertex 6.69801 -45 17.5952
      vertex 7.49268 -42.02 18.3898
    endloop
  endfacet
  facet normal 0.0471068 -0.269096 0.961961
    outer loop
      vertex 6.69801 -45 17.5952
      vertex 7.39466 -42.02 18.3947
      vertex 6.59999 -45 17.6
    endloop
  endfacet
  facet normal 0.483121 -0.343569 0.805329
    outer loop
      vertex 7.86605 -42.02 18.2766
      vertex 7.15556 -45 17.4315
      vertex 7.95023 -42.02 18.2261
    endloop
  endfacet
  facet normal 0.482425 -0.343527 0.805764
    outer loop
      vertex 7.15556 -45 17.4315
      vertex 7.86605 -42.02 18.2766
      vertex 7.07138 -45 17.4819
    endloop
  endfacet
  facet normal 0.946713 -0.289887 -0.140359
    outer loop
      vertex 7.58078 -45 3.20493
      vertex 8.38984 -42.02 2.50732
      vertex 7.59517 -45 3.30199
    endloop
  endfacet
  facet normal 0.946713 -0.289887 -0.140359
    outer loop
      vertex 8.38984 -42.02 2.50732
      vertex 7.58078 -45 3.20493
      vertex 8.37545 -42.02 2.41026
    endloop
  endfacet
  facet normal 0.139507 -0.289717 0.946891
    outer loop
      vertex 7.49268 -42.02 18.3898
      vertex 6.79507 -45 17.5808
      vertex 7.58974 -42.02 18.3755
    endloop
  endfacet
  facet normal 0.140454 -0.289886 0.946699
    outer loop
      vertex 6.79507 -45 17.5808
      vertex 7.49268 -42.02 18.3898
      vertex 6.69801 -45 17.5952
    endloop
  endfacet
  facet normal -0.403281 -0.334641 0.851692
    outer loop
      vertex -7.77735 -42.02 18.3185
      vertex -7.07138 -45 17.4819
      vertex -6.98268 -45 17.5239
    endloop
  endfacet
  facet normal -0.402508 -0.334568 0.852087
    outer loop
      vertex -7.07138 -45 17.4819
      vertex -7.77735 -42.02 18.3185
      vertex -7.86605 -42.02 18.2766
    endloop
  endfacet
  facet normal -0.851927 -0.334604 0.402816
    outer loop
      vertex -7.48192 -45 17.0714
      vertex -8.31853 -42.02 17.7774
      vertex -7.52386 -45 16.9827
    endloop
  endfacet
  facet normal -0.851927 -0.334604 0.402816
    outer loop
      vertex -8.31853 -42.02 17.7774
      vertex -7.48192 -45 17.0714
      vertex -8.27659 -42.02 17.8661
    endloop
  endfacet
  facet normal 0.891161 -0.322688 -0.318912
    outer loop
      vertex 7.52386 -45 3.01732
      vertex 8.3516 -42.02 2.31506
      vertex 7.55693 -45 3.10973
    endloop
  endfacet
  facet normal 0.891161 -0.322688 -0.318912
    outer loop
      vertex 8.3516 -42.02 2.31506
      vertex 7.52386 -45 3.01732
      vertex 8.31853 -42.02 2.22265
    endloop
  endfacet
  facet normal -0.805501 -0.343559 -0.482841
    outer loop
      vertex -7.43146 -45 2.84444
      vertex -8.27659 -42.02 2.13395
      vertex -8.22613 -42.02 2.04977
    endloop
  endfacet
  facet normal -0.805501 -0.343559 -0.482841
    outer loop
      vertex -8.27659 -42.02 2.13395
      vertex -7.43146 -45 2.84444
      vertex -7.48192 -45 2.92862
    endloop
  endfacet
  facet normal -0.693395 -0.352494 -0.628452
    outer loop
      vertex -7.3071 -45 2.6929
      vertex -8.16767 -42.02 1.97094
      vertex -8.10177 -42.02 1.89823
    endloop
  endfacet
  facet normal -0.693395 -0.352494 -0.628452
    outer loop
      vertex -8.16767 -42.02 1.97094
      vertex -7.3071 -45 2.6929
      vertex -7.373 -45 2.76561
    endloop
  endfacet
  facet normal -0.69335 -0.3525 0.628498
    outer loop
      vertex -7.3071 -45 17.3071
      vertex -8.16767 -42.02 18.0291
      vertex -7.373 -45 17.2344
    endloop
  endfacet
  facet normal -0.69335 -0.3525 0.628498
    outer loop
      vertex -8.16767 -42.02 18.0291
      vertex -7.3071 -45 17.3071
      vertex -8.10177 -42.02 18.1018
    endloop
  endfacet
  facet normal -0.231668 -0.307867 0.922794
    outer loop
      vertex -7.58974 -42.02 18.3755
      vertex -6.89027 -45 17.5569
      vertex -6.79507 -45 17.5808
    endloop
  endfacet
  facet normal -0.231668 -0.307867 0.922794
    outer loop
      vertex -6.89027 -45 17.5569
      vertex -7.58974 -42.02 18.3755
      vertex -7.68494 -42.02 18.3516
    endloop
  endfacet
  facet normal -0.946713 -0.289887 -0.140359
    outer loop
      vertex -7.58078 -45 3.20493
      vertex -8.38984 -42.02 2.50732
      vertex -8.37545 -42.02 2.41026
    endloop
  endfacet
  facet normal -0.946713 -0.289887 -0.140359
    outer loop
      vertex -8.38984 -42.02 2.50732
      vertex -7.58078 -45 3.20493
      vertex -7.59517 -45 3.30199
    endloop
  endfacet
  facet normal -0.96194 -0.269135 0.0473117
    outer loop
      vertex -7.59517 -45 16.698
      vertex -8.39466 -42.02 17.3947
      vertex -7.59999 -45 16.6
    endloop
  endfacet
  facet normal -0.96194 -0.269135 0.0473117
    outer loop
      vertex -8.39466 -42.02 17.3947
      vertex -7.59517 -45 16.698
      vertex -8.38984 -42.02 17.4927
    endloop
  endfacet
  facet normal -0.805552 -0.343556 0.482757
    outer loop
      vertex -7.43146 -45 17.1556
      vertex -8.27659 -42.02 17.8661
      vertex -7.48192 -45 17.0714
    endloop
  endfacet
  facet normal -0.805291 -0.343581 0.483175
    outer loop
      vertex -8.27659 -42.02 17.8661
      vertex -7.43146 -45 17.1556
      vertex -8.22613 -42.02 17.9502
    endloop
  endfacet
  facet normal 0.318912 -0.322688 -0.891161
    outer loop
      vertex 6.98268 -45 2.47614
      vertex 7.68494 -42.02 1.6484
      vertex 7.77735 -42.02 1.68147
    endloop
  endfacet
  facet normal 0.318912 -0.322688 -0.891161
    outer loop
      vertex 7.68494 -42.02 1.6484
      vertex 6.98268 -45 2.47614
      vertex 6.89027 -45 2.44307
    endloop
  endfacet
  facet normal 0.851927 -0.334604 0.402816
    outer loop
      vertex 7.48192 -45 17.0714
      vertex 8.31853 -42.02 17.7774
      vertex 8.27659 -42.02 17.8661
    endloop
  endfacet
  facet normal 0.851927 -0.334604 0.402816
    outer loop
      vertex 8.31853 -42.02 17.7774
      vertex 7.48192 -45 17.0714
      vertex 7.52386 -45 16.9827
    endloop
  endfacet
  facet normal -0.402817 -0.3346 -0.851928
    outer loop
      vertex -7.07138 -45 2.51808
      vertex -7.77735 -42.02 1.68147
      vertex -6.98268 -45 2.47614
    endloop
  endfacet
  facet normal -0.402817 -0.3346 -0.851928
    outer loop
      vertex -7.77735 -42.02 1.68147
      vertex -7.07138 -45 2.51808
      vertex -7.86605 -42.02 1.72341
    endloop
  endfacet
  facet normal 0.557736 -0.349498 0.752849
    outer loop
      vertex 7.95023 -42.02 18.2261
      vertex 7.23439 -45 17.373
      vertex 8.02906 -42.02 18.1677
    endloop
  endfacet
  facet normal 0.558349 -0.349513 0.752387
    outer loop
      vertex 7.23439 -45 17.373
      vertex 7.95023 -42.02 18.2261
      vertex 7.15556 -45 17.4315
    endloop
  endfacet
  facet normal 0.482841 -0.343559 -0.805501
    outer loop
      vertex 7.15556 -45 2.56854
      vertex 7.86605 -42.02 1.72341
      vertex 7.95023 -42.02 1.77387
    endloop
  endfacet
  facet normal 0.482841 -0.343559 -0.805501
    outer loop
      vertex 7.86605 -42.02 1.72341
      vertex 7.15556 -45 2.56854
      vertex 7.07138 -45 2.51808
    endloop
  endfacet
  facet normal 0.922936 -0.307776 -0.231219
    outer loop
      vertex 7.55693 -45 3.10973
      vertex 8.37545 -42.02 2.41026
      vertex 7.58078 -45 3.20493
    endloop
  endfacet
  facet normal 0.922936 -0.307776 -0.231219
    outer loop
      vertex 8.37545 -42.02 2.41026
      vertex 7.55693 -45 3.10973
      vertex 8.3516 -42.02 2.31506
    endloop
  endfacet
  facet normal -0.231219 -0.307776 -0.922936
    outer loop
      vertex -6.89027 -45 2.44307
      vertex -7.58974 -42.02 1.62455
      vertex -6.79507 -45 2.41922
    endloop
  endfacet
  facet normal -0.231219 -0.307776 -0.922936
    outer loop
      vertex -7.58974 -42.02 1.62455
      vertex -6.89027 -45 2.44307
      vertex -7.68494 -42.02 1.6484
    endloop
  endfacet
  facet normal -0.558103 -0.349514 -0.75257
    outer loop
      vertex -7.23439 -45 2.627
      vertex -7.95023 -42.02 1.77387
      vertex -7.15556 -45 2.56854
    endloop
  endfacet
  facet normal -0.558103 -0.349514 -0.75257
    outer loop
      vertex -7.95023 -42.02 1.77387
      vertex -7.23439 -45 2.627
      vertex -8.02906 -42.02 1.83233
    endloop
  endfacet
  facet normal 0.62845 -0.3525 0.693393
    outer loop
      vertex 8.02906 -42.02 18.1677
      vertex 7.3071 -45 17.3071
      vertex 8.10177 -42.02 18.1018
    endloop
  endfacet
  facet normal 0.62845 -0.3525 0.693393
    outer loop
      vertex 7.3071 -45 17.3071
      vertex 8.02906 -42.02 18.1677
      vertex 7.23439 -45 17.373
    endloop
  endfacet
  facet normal 0.402508 -0.334568 0.852087
    outer loop
      vertex 7.77735 -42.02 18.3185
      vertex 7.07138 -45 17.4819
      vertex 7.86605 -42.02 18.2766
    endloop
  endfacet
  facet normal 0.403281 -0.334641 0.851692
    outer loop
      vertex 7.07138 -45 17.4819
      vertex 7.77735 -42.02 18.3185
      vertex 6.98268 -45 17.5239
    endloop
  endfacet
  facet normal 0.961941 -0.269133 -0.0473021
    outer loop
      vertex 7.59517 -45 3.30199
      vertex 8.39466 -42.02 2.60534
      vertex 7.59999 -45 3.40001
    endloop
  endfacet
  facet normal 0.961941 -0.269133 -0.0473021
    outer loop
      vertex 8.39466 -42.02 2.60534
      vertex 7.59517 -45 3.30199
      vertex 8.38984 -42.02 2.50732
    endloop
  endfacet
  facet normal 0.402817 -0.3346 -0.851928
    outer loop
      vertex 7.07138 -45 2.51808
      vertex 7.77735 -42.02 1.68147
      vertex 7.86605 -42.02 1.72341
    endloop
  endfacet
  facet normal 0.402817 -0.3346 -0.851928
    outer loop
      vertex 7.77735 -42.02 1.68147
      vertex 7.07138 -45 2.51808
      vertex 6.98268 -45 2.47614
    endloop
  endfacet
  facet normal 0.891272 -0.322648 0.318642
    outer loop
      vertex 7.52386 -45 16.9827
      vertex 8.3516 -42.02 17.6849
      vertex 8.31853 -42.02 17.7774
    endloop
  endfacet
  facet normal 0.891151 -0.322686 0.318943
    outer loop
      vertex 8.3516 -42.02 17.6849
      vertex 7.52386 -45 16.9827
      vertex 7.55693 -45 16.8903
    endloop
  endfacet
  facet normal -0.891151 -0.322686 0.318943
    outer loop
      vertex -7.52386 -45 16.9827
      vertex -8.3516 -42.02 17.6849
      vertex -7.55693 -45 16.8903
    endloop
  endfacet
  facet normal -0.891272 -0.322648 0.318642
    outer loop
      vertex -8.3516 -42.02 17.6849
      vertex -7.52386 -45 16.9827
      vertex -8.31853 -42.02 17.7774
    endloop
  endfacet
  facet normal -0.946724 -0.289876 0.140302
    outer loop
      vertex -7.58078 -45 16.7951
      vertex -8.38984 -42.02 17.4927
      vertex -7.59517 -45 16.698
    endloop
  endfacet
  facet normal -0.946696 -0.289902 0.140443
    outer loop
      vertex -8.38984 -42.02 17.4927
      vertex -7.58078 -45 16.7951
      vertex -8.37545 -42.02 17.5897
    endloop
  endfacet
  facet normal 0.628452 -0.352494 -0.693395
    outer loop
      vertex 7.3071 -45 2.6929
      vertex 8.02906 -42.02 1.83233
      vertex 8.10177 -42.02 1.89823
    endloop
  endfacet
  facet normal 0.628452 -0.352494 -0.693395
    outer loop
      vertex 8.02906 -42.02 1.83233
      vertex 7.3071 -45 2.6929
      vertex 7.23439 -45 2.627
    endloop
  endfacet
  facet normal -0.752469 -0.349511 0.55824
    outer loop
      vertex -7.373 -45 17.2344
      vertex -8.22613 -42.02 17.9502
      vertex -7.43146 -45 17.1556
    endloop
  endfacet
  facet normal -0.752811 -0.3495 0.557786
    outer loop
      vertex -8.22613 -42.02 17.9502
      vertex -7.373 -45 17.2344
      vertex -8.16767 -42.02 18.0291
    endloop
  endfacet
  facet normal -0.922936 -0.307776 -0.231219
    outer loop
      vertex -7.55693 -45 3.10973
      vertex -8.37545 -42.02 2.41026
      vertex -8.3516 -42.02 2.31506
    endloop
  endfacet
  facet normal -0.922936 -0.307776 -0.231219
    outer loop
      vertex -8.37545 -42.02 2.41026
      vertex -7.55693 -45 3.10973
      vertex -7.58078 -45 3.20493
    endloop
  endfacet
  facet normal 0 -1 0
    outer loop
      vertex -7.59999 -45 16.6
      vertex -6.59999 -45 17.6
      vertex -6.69801 -45 17.5952
    endloop
  endfacet
  facet normal 0 -1 -0
    outer loop
      vertex -6.59999 -45 17.6
      vertex -7.59999 -45 16.6
      vertex 6.59999 -45 17.6
    endloop
  endfacet
  facet normal 0 -1 0
    outer loop
      vertex -7.59999 -45 16.6
      vertex -6.69801 -45 17.5952
      vertex -6.79507 -45 17.5808
    endloop
  endfacet
  facet normal 0 -1 0
    outer loop
      vertex 7.59999 -45 16.6
      vertex 6.59999 -45 17.6
      vertex -7.59999 -45 16.6
    endloop
  endfacet
  facet normal 0 -1 0
    outer loop
      vertex -7.59999 -45 16.6
      vertex -6.79507 -45 17.5808
      vertex -6.89027 -45 17.5569
    endloop
  endfacet
  facet normal 0 -1 0
    outer loop
      vertex 6.59999 -45 17.6
      vertex 7.59999 -45 16.6
      vertex 6.69801 -45 17.5952
    endloop
  endfacet
  facet normal 0 -1 0
    outer loop
      vertex -7.59999 -45 16.6
      vertex -6.89027 -45 17.5569
      vertex -6.98268 -45 17.5239
    endloop
  endfacet
  facet normal 0 -1 0
    outer loop
      vertex 6.69801 -45 17.5952
      vertex 7.59999 -45 16.6
      vertex 6.79507 -45 17.5808
    endloop
  endfacet
  facet normal 0 -1 0
    outer loop
      vertex -7.59999 -45 16.6
      vertex -6.98268 -45 17.5239
      vertex -7.07138 -45 17.4819
    endloop
  endfacet
  facet normal 0 -1 0
    outer loop
      vertex 6.79507 -45 17.5808
      vertex 7.59999 -45 16.6
      vertex 6.89027 -45 17.5569
    endloop
  endfacet
  facet normal 0 -1 0
    outer loop
      vertex -7.59999 -45 16.6
      vertex -7.07138 -45 17.4819
      vertex -7.15556 -45 17.4315
    endloop
  endfacet
  facet normal 0 -1 0
    outer loop
      vertex 6.89027 -45 17.5569
      vertex 7.59999 -45 16.6
      vertex 6.98268 -45 17.5239
    endloop
  endfacet
  facet normal 0 -1 0
    outer loop
      vertex -7.59999 -45 16.6
      vertex -7.15556 -45 17.4315
      vertex -7.23439 -45 17.373
    endloop
  endfacet
  facet normal 0 -1 0
    outer loop
      vertex 6.98268 -45 17.5239
      vertex 7.59999 -45 16.6
      vertex 7.07138 -45 17.4819
    endloop
  endfacet
  facet normal 0 -1 0
    outer loop
      vertex -7.59999 -45 16.6
      vertex -7.23439 -45 17.373
      vertex -7.3071 -45 17.3071
    endloop
  endfacet
  facet normal 0 -1 0
    outer loop
      vertex 7.07138 -45 17.4819
      vertex 7.59999 -45 16.6
      vertex 7.15556 -45 17.4315
    endloop
  endfacet
  facet normal 0 -1 0
    outer loop
      vertex -7.59999 -45 16.6
      vertex -7.3071 -45 17.3071
      vertex -7.373 -45 17.2344
    endloop
  endfacet
  facet normal 0 -1 0
    outer loop
      vertex 7.15556 -45 17.4315
      vertex 7.59999 -45 16.6
      vertex 7.23439 -45 17.373
    endloop
  endfacet
  facet normal 0 -1 0
    outer loop
      vertex -7.59999 -45 16.6
      vertex -7.373 -45 17.2344
      vertex -7.43146 -45 17.1556
    endloop
  endfacet
  facet normal 0 -1 0
    outer loop
      vertex 7.23439 -45 17.373
      vertex 7.59999 -45 16.6
      vertex 7.3071 -45 17.3071
    endloop
  endfacet
  facet normal 0 -1 0
    outer loop
      vertex -7.59999 -45 16.6
      vertex -7.43146 -45 17.1556
      vertex -7.48192 -45 17.0714
    endloop
  endfacet
  facet normal 0 -1 0
    outer loop
      vertex 7.3071 -45 17.3071
      vertex 7.59999 -45 16.6
      vertex 7.373 -45 17.2344
    endloop
  endfacet
  facet normal 0 -1 0
    outer loop
      vertex -7.59999 -45 16.6
      vertex -7.48192 -45 17.0714
      vertex -7.52386 -45 16.9827
    endloop
  endfacet
  facet normal 0 -1 0
    outer loop
      vertex 7.373 -45 17.2344
      vertex 7.59999 -45 16.6
      vertex 7.43146 -45 17.1556
    endloop
  endfacet
  facet normal 0 -1 0
    outer loop
      vertex -7.59999 -45 16.6
      vertex -7.52386 -45 16.9827
      vertex -7.55693 -45 16.8903
    endloop
  endfacet
  facet normal 0 -1 0
    outer loop
      vertex 7.43146 -45 17.1556
      vertex 7.59999 -45 16.6
      vertex 7.48192 -45 17.0714
    endloop
  endfacet
  facet normal 0 -1 0
    outer loop
      vertex -7.59999 -45 16.6
      vertex -7.55693 -45 16.8903
      vertex -7.58078 -45 16.7951
    endloop
  endfacet
  facet normal 0 -1 0
    outer loop
      vertex 7.48192 -45 17.0714
      vertex 7.59999 -45 16.6
      vertex 7.52386 -45 16.9827
    endloop
  endfacet
  facet normal 0 -1 0
    outer loop
      vertex -7.59999 -45 16.6
      vertex -7.58078 -45 16.7951
      vertex -7.59517 -45 16.698
    endloop
  endfacet
  facet normal 0 -1 0
    outer loop
      vertex 7.52386 -45 16.9827
      vertex 7.59999 -45 16.6
      vertex 7.55693 -45 16.8903
    endloop
  endfacet
  facet normal 0 -1 0
    outer loop
      vertex 7.55693 -45 16.8903
      vertex 7.59999 -45 16.6
      vertex 7.58078 -45 16.7951
    endloop
  endfacet
  facet normal 0 -1 0
    outer loop
      vertex 7.58078 -45 16.7951
      vertex 7.59999 -45 16.6
      vertex 7.59517 -45 16.698
    endloop
  endfacet
  facet normal 0 -1 0
    outer loop
      vertex -7.59999 -45 3.40001
      vertex 7.59999 -45 16.6
      vertex -7.59999 -45 16.6
    endloop
  endfacet
  facet normal 0 -1 0
    outer loop
      vertex -7.59999 -45 3.40001
      vertex 7.59999 -45 3.40001
      vertex 7.59999 -45 16.6
    endloop
  endfacet
  facet normal 0 -1 0
    outer loop
      vertex -6.59999 -45 2.40001
      vertex -7.59999 -45 3.40001
      vertex -7.59517 -45 3.30199
    endloop
  endfacet
  facet normal 0 -1 0
    outer loop
      vertex -7.59999 -45 3.40001
      vertex -6.59999 -45 2.40001
      vertex 7.59999 -45 3.40001
    endloop
  endfacet
  facet normal 0 -1 0
    outer loop
      vertex -6.59999 -45 2.40001
      vertex -7.59517 -45 3.30199
      vertex -7.58078 -45 3.20493
    endloop
  endfacet
  facet normal 0 -1 0
    outer loop
      vertex 6.59999 -45 2.40001
      vertex 7.59999 -45 3.40001
      vertex -6.59999 -45 2.40001
    endloop
  endfacet
  facet normal 0 -1 0
    outer loop
      vertex -6.59999 -45 2.40001
      vertex -7.58078 -45 3.20493
      vertex -7.55693 -45 3.10973
    endloop
  endfacet
  facet normal 0 -1 0
    outer loop
      vertex 7.59999 -45 3.40001
      vertex 6.59999 -45 2.40001
      vertex 7.59517 -45 3.30199
    endloop
  endfacet
  facet normal 0 -1 0
    outer loop
      vertex -6.59999 -45 2.40001
      vertex -7.55693 -45 3.10973
      vertex -7.52386 -45 3.01732
    endloop
  endfacet
  facet normal 0 -1 0
    outer loop
      vertex 7.59517 -45 3.30199
      vertex 6.59999 -45 2.40001
      vertex 7.58078 -45 3.20493
    endloop
  endfacet
  facet normal 0 -1 0
    outer loop
      vertex -6.59999 -45 2.40001
      vertex -7.52386 -45 3.01732
      vertex -7.48192 -45 2.92862
    endloop
  endfacet
  facet normal 0 -1 0
    outer loop
      vertex 7.58078 -45 3.20493
      vertex 6.59999 -45 2.40001
      vertex 7.55693 -45 3.10973
    endloop
  endfacet
  facet normal 0 -1 0
    outer loop
      vertex -6.59999 -45 2.40001
      vertex -7.48192 -45 2.92862
      vertex -7.43146 -45 2.84444
    endloop
  endfacet
  facet normal 0 -1 0
    outer loop
      vertex 7.55693 -45 3.10973
      vertex 6.59999 -45 2.40001
      vertex 7.52386 -45 3.01732
    endloop
  endfacet
  facet normal 0 -1 0
    outer loop
      vertex -6.59999 -45 2.40001
      vertex -7.43146 -45 2.84444
      vertex -7.373 -45 2.76561
    endloop
  endfacet
  facet normal 0 -1 0
    outer loop
      vertex 7.52386 -45 3.01732
      vertex 6.59999 -45 2.40001
      vertex 7.48192 -45 2.92862
    endloop
  endfacet
  facet normal 0 -1 0
    outer loop
      vertex -6.59999 -45 2.40001
      vertex -7.373 -45 2.76561
      vertex -7.3071 -45 2.6929
    endloop
  endfacet
  facet normal 0 -1 0
    outer loop
      vertex 7.48192 -45 2.92862
      vertex 6.59999 -45 2.40001
      vertex 7.43146 -45 2.84444
    endloop
  endfacet
  facet normal 0 -1 0
    outer loop
      vertex -6.59999 -45 2.40001
      vertex -7.3071 -45 2.6929
      vertex -7.23439 -45 2.627
    endloop
  endfacet
  facet normal 0 -1 0
    outer loop
      vertex 7.43146 -45 2.84444
      vertex 6.59999 -45 2.40001
      vertex 7.373 -45 2.76561
    endloop
  endfacet
  facet normal 0 -1 0
    outer loop
      vertex -6.59999 -45 2.40001
      vertex -7.23439 -45 2.627
      vertex -7.15556 -45 2.56854
    endloop
  endfacet
  facet normal 0 -1 0
    outer loop
      vertex 7.373 -45 2.76561
      vertex 6.59999 -45 2.40001
      vertex 7.3071 -45 2.6929
    endloop
  endfacet
  facet normal 0 -1 0
    outer loop
      vertex -6.59999 -45 2.40001
      vertex -7.15556 -45 2.56854
      vertex -7.07138 -45 2.51808
    endloop
  endfacet
  facet normal 0 -1 0
    outer loop
      vertex 7.3071 -45 2.6929
      vertex 6.59999 -45 2.40001
      vertex 7.23439 -45 2.627
    endloop
  endfacet
  facet normal 0 -1 0
    outer loop
      vertex -6.59999 -45 2.40001
      vertex -7.07138 -45 2.51808
      vertex -6.98268 -45 2.47614
    endloop
  endfacet
  facet normal 0 -1 0
    outer loop
      vertex 7.23439 -45 2.627
      vertex 6.59999 -45 2.40001
      vertex 7.15556 -45 2.56854
    endloop
  endfacet
  facet normal 0 -1 0
    outer loop
      vertex -6.59999 -45 2.40001
      vertex -6.98268 -45 2.47614
      vertex -6.89027 -45 2.44307
    endloop
  endfacet
  facet normal 0 -1 0
    outer loop
      vertex 7.15556 -45 2.56854
      vertex 6.59999 -45 2.40001
      vertex 7.07138 -45 2.51808
    endloop
  endfacet
  facet normal 0 -1 0
    outer loop
      vertex -6.59999 -45 2.40001
      vertex -6.89027 -45 2.44307
      vertex -6.79507 -45 2.41922
    endloop
  endfacet
  facet normal 0 -1 0
    outer loop
      vertex 7.07138 -45 2.51808
      vertex 6.59999 -45 2.40001
      vertex 6.98268 -45 2.47614
    endloop
  endfacet
  facet normal 0 -1 0
    outer loop
      vertex -6.59999 -45 2.40001
      vertex -6.79507 -45 2.41922
      vertex -6.69801 -45 2.40483
    endloop
  endfacet
  facet normal 0 -1 0
    outer loop
      vertex 6.98268 -45 2.47614
      vertex 6.59999 -45 2.40001
      vertex 6.89027 -45 2.44307
    endloop
  endfacet
  facet normal 0 -1 0
    outer loop
      vertex 6.89027 -45 2.44307
      vertex 6.59999 -45 2.40001
      vertex 6.79507 -45 2.41922
    endloop
  endfacet
  facet normal 0 -1 0
    outer loop
      vertex 6.79507 -45 2.41922
      vertex 6.59999 -45 2.40001
      vertex 6.69801 -45 2.40483
    endloop
  endfacet
  facet normal 0.805291 -0.343581 0.483175
    outer loop
      vertex 7.43146 -45 17.1556
      vertex 8.27659 -42.02 17.8661
      vertex 8.22613 -42.02 17.9502
    endloop
  endfacet
  facet normal 0.805552 -0.343556 0.482757
    outer loop
      vertex 8.27659 -42.02 17.8661
      vertex 7.43146 -45 17.1556
      vertex 7.48192 -45 17.0714
    endloop
  endfacet
  facet normal -0.891161 -0.322688 -0.318912
    outer loop
      vertex -7.52386 -45 3.01732
      vertex -8.3516 -42.02 2.31506
      vertex -8.31853 -42.02 2.22265
    endloop
  endfacet
  facet normal -0.891161 -0.322688 -0.318912
    outer loop
      vertex -8.3516 -42.02 2.31506
      vertex -7.52386 -45 3.01732
      vertex -7.55693 -45 3.10973
    endloop
  endfacet
  facet normal 1 -0 0
    outer loop
      vertex 12.5 0 20
      vertex 12.5 1.92857 0
      vertex 12.5 1.92857 20
    endloop
  endfacet
  facet normal 1 0 0
    outer loop
      vertex 12.5 1.92857 0
      vertex 12.5 0 20
      vertex 12.5 0 0
    endloop
  endfacet
  facet normal 0 0 1
    outer loop
      vertex 3.52768 39.8856 20
      vertex 10.4232 43.9417 20
      vertex 10.3895 43.9984 20
    endloop
  endfacet
  facet normal 0 0 1
    outer loop
      vertex 3.52768 39.8856 20
      vertex 10.3895 43.9984 20
      vertex 10.1877 44.3351 20
    endloop
  endfacet
  facet normal 0 0 1
    outer loop
      vertex 3.32587 40.2223 20
      vertex 10.1877 44.3351 20
      vertex 9.75163 44.9877 20
    endloop
  endfacet
  facet normal 0 0 1
    outer loop
      vertex 3.32587 40.2223 20
      vertex 9.75163 44.9877 20
      vertex 9.51781 45.303 20
    endloop
  endfacet
  facet normal 0 0 1
    outer loop
      vertex 3.09204 40.5376 20
      vertex 9.51781 45.303 20
      vertex 9.01947 45.9102 20
    endloop
  endfacet
  facet normal 0 0 1
    outer loop
      vertex 3.09204 40.5376 20
      vertex 9.01947 45.9102 20
      vertex 8.75584 46.2011 20
    endloop
  endfacet
  facet normal 0 0 1
    outer loop
      vertex 2.82841 40.8284 20
      vertex 8.75584 46.2011 20
      vertex 8.20108 46.7558 20
    endloop
  endfacet
  facet normal 0 0 1
    outer loop
      vertex 2.82841 40.8284 20
      vertex 8.20108 46.7558 20
      vertex 7.91023 47.0195 20
    endloop
  endfacet
  facet normal 0 0 1
    outer loop
      vertex 2.53757 41.092 20
      vertex 7.91023 47.0195 20
      vertex 7.30301 47.5178 20
    endloop
  endfacet
  facet normal 0 0 1
    outer loop
      vertex 2.53757 41.092 20
      vertex 7.30301 47.5178 20
      vertex 6.98772 47.7516 20
    endloop
  endfacet
  facet normal 0 0 1
    outer loop
      vertex 2.22227 41.3259 20
      vertex 6.98772 47.7516 20
      vertex 6.33513 48.1877 20
    endloop
  endfacet
  facet normal 0 0 1
    outer loop
      vertex 2.22227 41.3259 20
      vertex 6.33513 48.1877 20
      vertex 5.99843 48.3895 20
    endloop
  endfacet
  facet normal 0 0 1
    outer loop
      vertex 1.88557 41.5277 20
      vertex 5.99843 48.3895 20
      vertex 5.30606 48.7596 20
    endloop
  endfacet
  facet normal 0 0 1
    outer loop
      vertex 1.88557 41.5277 20
      vertex 5.30606 48.7596 20
      vertex 4.95122 48.9274 20
    endloop
  endfacet
  facet normal 0 0 1
    outer loop
      vertex 10.4232 43.9417 20
      vertex 3.52768 39.8856 20
      vertex 4.93095 37.5 20
    endloop
  endfacet
  facet normal 0 0 1
    outer loop
      vertex 1.53073 41.6955 20
      vertex 4.95122 48.9274 20
      vertex 4.22591 49.2278 20
    endloop
  endfacet
  facet normal 0 0 1
    outer loop
      vertex 1.53073 41.6955 20
      vertex 4.22591 49.2278 20
      vertex 3.85631 49.3601 20
    endloop
  endfacet
  facet normal 0 0 1
    outer loop
      vertex 10.4232 43.9417 20
      vertex 4.93095 37.5 20
      vertex 14.2124 37.5 20
    endloop
  endfacet
  facet normal 0 0 1
    outer loop
      vertex 10.1877 44.3351 20
      vertex 3.32587 40.2223 20
      vertex 3.52768 39.8856 20
    endloop
  endfacet
  facet normal 0 0 1
    outer loop
      vertex 1.16113 41.8278 20
      vertex 3.85631 49.3601 20
      vertex 3.10471 49.5881 20
    endloop
  endfacet
  facet normal 0 0 1
    outer loop
      vertex 9.51781 45.303 20
      vertex 3.09204 40.5376 20
      vertex 3.32587 40.2223 20
    endloop
  endfacet
  facet normal 0 0 1
    outer loop
      vertex 8.75584 46.2011 20
      vertex 2.82841 40.8284 20
      vertex 3.09204 40.5376 20
    endloop
  endfacet
  facet normal 0 0 1
    outer loop
      vertex 1.16113 41.8278 20
      vertex 3.10471 49.5881 20
      vertex 2.72392 49.6834 20
    endloop
  endfacet
  facet normal 0 0 1
    outer loop
      vertex 7.91023 47.0195 20
      vertex 2.53757 41.092 20
      vertex 2.82841 40.8284 20
    endloop
  endfacet
  facet normal 0 0 1
    outer loop
      vertex 6.98772 47.7516 20
      vertex 2.22227 41.3259 20
      vertex 2.53757 41.092 20
    endloop
  endfacet
  facet normal 0 0 1
    outer loop
      vertex 0.78035 41.9231 20
      vertex 2.72392 49.6834 20
      vertex 1.95428 49.8365 20
    endloop
  endfacet
  facet normal 0 0 1
    outer loop
      vertex 5.99843 48.3895 20
      vertex 1.88557 41.5277 20
      vertex 2.22227 41.3259 20
    endloop
  endfacet
  facet normal 0 0 1
    outer loop
      vertex 0.78035 41.9231 20
      vertex 1.95428 49.8365 20
      vertex 1.56599 49.8941 20
    endloop
  endfacet
  facet normal 0 0 1
    outer loop
      vertex 4.95122 48.9274 20
      vertex 1.53073 41.6955 20
      vertex 1.88557 41.5277 20
    endloop
  endfacet
  facet normal 0 0 1
    outer loop
      vertex 3.85631 49.3601 20
      vertex 1.16113 41.8278 20
      vertex 1.53073 41.6955 20
    endloop
  endfacet
  facet normal 0 0 1
    outer loop
      vertex 0.392059 41.9807 20
      vertex 1.56599 49.8941 20
      vertex 0.784836 49.9711 20
    endloop
  endfacet
  facet normal 0 0 1
    outer loop
      vertex 2.72392 49.6834 20
      vertex 0.78035 41.9231 20
      vertex 1.16113 41.8278 20
    endloop
  endfacet
  facet normal 0 0 1
    outer loop
      vertex 0.392059 41.9807 20
      vertex 0.784836 49.9711 20
      vertex 0.392776 49.9904 20
    endloop
  endfacet
  facet normal 0 0 1
    outer loop
      vertex 1.56599 49.8941 20
      vertex 0.392059 41.9807 20
      vertex 0.78035 41.9231 20
    endloop
  endfacet
  facet normal 0 0 1
    outer loop
      vertex 0.392776 49.9904 20
      vertex 0 42 20
      vertex 0.392059 41.9807 20
    endloop
  endfacet
  facet normal -0 0 1
    outer loop
      vertex -0.392776 49.9904 20
      vertex 0 42 20
      vertex 0.392776 49.9904 20
    endloop
  endfacet
  facet normal 0 0 1
    outer loop
      vertex 0 42 20
      vertex -0.392776 49.9904 20
      vertex -0.392059 41.9807 20
    endloop
  endfacet
  facet normal -0 0 1
    outer loop
      vertex -0.784836 49.9711 20
      vertex -0.392059 41.9807 20
      vertex -0.392776 49.9904 20
    endloop
  endfacet
  facet normal -0 0 1
    outer loop
      vertex -1.56599 49.8941 20
      vertex -0.392059 41.9807 20
      vertex -0.784836 49.9711 20
    endloop
  endfacet
  facet normal 0 0 1
    outer loop
      vertex -0.392059 41.9807 20
      vertex -1.56599 49.8941 20
      vertex -0.78035 41.9231 20
    endloop
  endfacet
  facet normal -0 0 1
    outer loop
      vertex -1.95428 49.8365 20
      vertex -0.78035 41.9231 20
      vertex -1.56599 49.8941 20
    endloop
  endfacet
  facet normal -0 0 1
    outer loop
      vertex -2.72392 49.6834 20
      vertex -0.78035 41.9231 20
      vertex -1.95428 49.8365 20
    endloop
  endfacet
  facet normal 0 0 1
    outer loop
      vertex -0.78035 41.9231 20
      vertex -2.72392 49.6834 20
      vertex -1.16113 41.8278 20
    endloop
  endfacet
  facet normal -0 0 1
    outer loop
      vertex -3.10471 49.5881 20
      vertex -1.16113 41.8278 20
      vertex -2.72392 49.6834 20
    endloop
  endfacet
  facet normal -0 0 1
    outer loop
      vertex -3.85631 49.3601 20
      vertex -1.16113 41.8278 20
      vertex -3.10471 49.5881 20
    endloop
  endfacet
  facet normal 0 0 1
    outer loop
      vertex -1.16113 41.8278 20
      vertex -3.85631 49.3601 20
      vertex -1.53073 41.6955 20
    endloop
  endfacet
  facet normal -0 0 1
    outer loop
      vertex -4.22591 49.2278 20
      vertex -1.53073 41.6955 20
      vertex -3.85631 49.3601 20
    endloop
  endfacet
  facet normal -0 0 1
    outer loop
      vertex -4.95122 48.9274 20
      vertex -1.53073 41.6955 20
      vertex -4.22591 49.2278 20
    endloop
  endfacet
  facet normal 0 0 1
    outer loop
      vertex -1.53073 41.6955 20
      vertex -4.95122 48.9274 20
      vertex -1.88557 41.5277 20
    endloop
  endfacet
  facet normal -0 0 1
    outer loop
      vertex -5.30606 48.7596 20
      vertex -1.88557 41.5277 20
      vertex -4.95122 48.9274 20
    endloop
  endfacet
  facet normal -0 0 1
    outer loop
      vertex -5.99843 48.3895 20
      vertex -1.88557 41.5277 20
      vertex -5.30606 48.7596 20
    endloop
  endfacet
  facet normal 0 0 1
    outer loop
      vertex -1.88557 41.5277 20
      vertex -5.99843 48.3895 20
      vertex -2.22227 41.3259 20
    endloop
  endfacet
  facet normal -0 0 1
    outer loop
      vertex -6.33513 48.1877 20
      vertex -2.22227 41.3259 20
      vertex -5.99843 48.3895 20
    endloop
  endfacet
  facet normal -0 0 1
    outer loop
      vertex -6.98772 47.7516 20
      vertex -2.22227 41.3259 20
      vertex -6.33513 48.1877 20
    endloop
  endfacet
  facet normal 0 0 1
    outer loop
      vertex -2.22227 41.3259 20
      vertex -6.98772 47.7516 20
      vertex -2.53757 41.092 20
    endloop
  endfacet
  facet normal -0 0 1
    outer loop
      vertex -7.30301 47.5178 20
      vertex -2.53757 41.092 20
      vertex -6.98772 47.7516 20
    endloop
  endfacet
  facet normal -0 0 1
    outer loop
      vertex -7.91023 47.0195 20
      vertex -2.53757 41.092 20
      vertex -7.30301 47.5178 20
    endloop
  endfacet
  facet normal 0 0 1
    outer loop
      vertex -2.53757 41.092 20
      vertex -7.91023 47.0195 20
      vertex -2.82841 40.8284 20
    endloop
  endfacet
  facet normal -0 0 1
    outer loop
      vertex -8.20108 46.7558 20
      vertex -2.82841 40.8284 20
      vertex -7.91023 47.0195 20
    endloop
  endfacet
  facet normal -0 0 1
    outer loop
      vertex -8.75584 46.2011 20
      vertex -2.82841 40.8284 20
      vertex -8.20108 46.7558 20
    endloop
  endfacet
  facet normal 0 0 1
    outer loop
      vertex -2.82841 40.8284 20
      vertex -8.75584 46.2011 20
      vertex -3.09204 40.5376 20
    endloop
  endfacet
  facet normal -0 0 1
    outer loop
      vertex -9.01947 45.9102 20
      vertex -3.09204 40.5376 20
      vertex -8.75584 46.2011 20
    endloop
  endfacet
  facet normal -0 0 1
    outer loop
      vertex -9.51781 45.303 20
      vertex -3.09204 40.5376 20
      vertex -9.01947 45.9102 20
    endloop
  endfacet
  facet normal 0 0 1
    outer loop
      vertex -3.09204 40.5376 20
      vertex -9.51781 45.303 20
      vertex -3.32587 40.2223 20
    endloop
  endfacet
  facet normal -0 0 1
    outer loop
      vertex -9.75163 44.9877 20
      vertex -3.32587 40.2223 20
      vertex -9.51781 45.303 20
    endloop
  endfacet
  facet normal -0 0 1
    outer loop
      vertex -10.1877 44.3351 20
      vertex -3.32587 40.2223 20
      vertex -9.75163 44.9877 20
    endloop
  endfacet
  facet normal 0 0 1
    outer loop
      vertex -3.32587 40.2223 20
      vertex -10.1877 44.3351 20
      vertex -3.52768 39.8856 20
    endloop
  endfacet
  facet normal -0 0 1
    outer loop
      vertex -10.3895 43.9984 20
      vertex -3.52768 39.8856 20
      vertex -10.1877 44.3351 20
    endloop
  endfacet
  facet normal -0 0 1
    outer loop
      vertex -10.4232 43.9417 20
      vertex -3.52768 39.8856 20
      vertex -10.3895 43.9984 20
    endloop
  endfacet
  facet normal 0 0 1
    outer loop
      vertex -10.4232 43.9417 20
      vertex -13.5277 22.8856 20
      vertex -3.52768 39.8856 20
    endloop
  endfacet
  facet normal -0 0 1
    outer loop
      vertex -20.4232 26.9417 20
      vertex -13.5277 22.8856 20
      vertex -10.4232 43.9417 20
    endloop
  endfacet
  facet normal -0 0 1
    outer loop
      vertex -20.7596 26.3061 20
      vertex -13.5277 22.8856 20
      vertex -20.4232 26.9417 20
    endloop
  endfacet
  facet normal 0 0 1
    outer loop
      vertex -13.5277 22.8856 20
      vertex -20.7596 26.3061 20
      vertex -13.6955 22.5307 20
    endloop
  endfacet
  facet normal 0 0 1
    outer loop
      vertex -21.9904 21.3928 20
      vertex -14 21 20
      vertex -13.9807 21.3921 20
    endloop
  endfacet
  facet normal 0 0 1
    outer loop
      vertex -21.8941 22.566 20
      vertex -13.9807 21.3921 20
      vertex -13.9231 21.7803 20
    endloop
  endfacet
  facet normal -0 0 1
    outer loop
      vertex -20.9274 25.9512 20
      vertex -13.6955 22.5307 20
      vertex -20.7596 26.3061 20
    endloop
  endfacet
  facet normal -0 0 1
    outer loop
      vertex -21.2278 25.2259 20
      vertex -13.6955 22.5307 20
      vertex -20.9274 25.9512 20
    endloop
  endfacet
  facet normal 0 0 1
    outer loop
      vertex -14 21 20
      vertex -18.2011 12.2441 20
      vertex -18 12.0619 20
    endloop
  endfacet
  facet normal 0 0 1
    outer loop
      vertex -14 21 20
      vertex -18.7558 12.7989 20
      vertex -18.2011 12.2441 20
    endloop
  endfacet
  facet normal 0 0 1
    outer loop
      vertex -14 21 20
      vertex -19.0195 13.0898 20
      vertex -18.7558 12.7989 20
    endloop
  endfacet
  facet normal 0 0 1
    outer loop
      vertex -14 21 20
      vertex -19.5178 13.697 20
      vertex -19.0195 13.0898 20
    endloop
  endfacet
  facet normal 0 0 1
    outer loop
      vertex -14 21 20
      vertex -19.7516 14.0123 20
      vertex -19.5178 13.697 20
    endloop
  endfacet
  facet normal 0 0 1
    outer loop
      vertex -14 21 20
      vertex -20.1877 14.6649 20
      vertex -19.7516 14.0123 20
    endloop
  endfacet
  facet normal 0 0 1
    outer loop
      vertex -14 21 20
      vertex -20.3895 15.0016 20
      vertex -20.1877 14.6649 20
    endloop
  endfacet
  facet normal 0 0 1
    outer loop
      vertex -13.6955 22.5307 20
      vertex -21.2278 25.2259 20
      vertex -13.8278 22.1611 20
    endloop
  endfacet
  facet normal 0 0 1
    outer loop
      vertex -14 21 20
      vertex -20.7596 15.6939 20
      vertex -20.3895 15.0016 20
    endloop
  endfacet
  facet normal -0 0 1
    outer loop
      vertex -21.3601 24.8563 20
      vertex -13.8278 22.1611 20
      vertex -21.2278 25.2259 20
    endloop
  endfacet
  facet normal 0 0 1
    outer loop
      vertex -14 21 20
      vertex -20.9274 16.0488 20
      vertex -20.7596 15.6939 20
    endloop
  endfacet
  facet normal -0 0 1
    outer loop
      vertex -21.5881 24.1047 20
      vertex -13.8278 22.1611 20
      vertex -21.3601 24.8563 20
    endloop
  endfacet
  facet normal 0 0 1
    outer loop
      vertex -14 21 20
      vertex -21.2278 16.7741 20
      vertex -20.9274 16.0488 20
    endloop
  endfacet
  facet normal 0 0 1
    outer loop
      vertex -13.8278 22.1611 20
      vertex -21.5881 24.1047 20
      vertex -13.9231 21.7803 20
    endloop
  endfacet
  facet normal 0 0 1
    outer loop
      vertex -14 21 20
      vertex -21.3601 17.1437 20
      vertex -21.2278 16.7741 20
    endloop
  endfacet
  facet normal -0 0 1
    outer loop
      vertex -21.6834 23.7239 20
      vertex -13.9231 21.7803 20
      vertex -21.5881 24.1047 20
    endloop
  endfacet
  facet normal 0 0 1
    outer loop
      vertex -14 21 20
      vertex -21.5881 17.8953 20
      vertex -21.3601 17.1437 20
    endloop
  endfacet
  facet normal -0 0 1
    outer loop
      vertex -21.8365 22.9543 20
      vertex -13.9231 21.7803 20
      vertex -21.6834 23.7239 20
    endloop
  endfacet
  facet normal 0 0 1
    outer loop
      vertex -14 21 20
      vertex -21.6834 18.2761 20
      vertex -21.5881 17.8953 20
    endloop
  endfacet
  facet normal -0 0 1
    outer loop
      vertex -21.8941 22.566 20
      vertex -13.9231 21.7803 20
      vertex -21.8365 22.9543 20
    endloop
  endfacet
  facet normal 0 0 1
    outer loop
      vertex -14 21 20
      vertex -21.8365 19.0457 20
      vertex -21.6834 18.2761 20
    endloop
  endfacet
  facet normal 0 0 1
    outer loop
      vertex -13.9807 21.3921 20
      vertex -21.8941 22.566 20
      vertex -21.9711 21.7848 20
    endloop
  endfacet
  facet normal 0 0 1
    outer loop
      vertex -14 21 20
      vertex -21.8941 19.434 20
      vertex -21.8365 19.0457 20
    endloop
  endfacet
  facet normal 0 0 1
    outer loop
      vertex -13.9807 21.3921 20
      vertex -21.9711 21.7848 20
      vertex -21.9904 21.3928 20
    endloop
  endfacet
  facet normal 0 0 1
    outer loop
      vertex -14 21 20
      vertex -21.9711 20.2152 20
      vertex -21.8941 19.434 20
    endloop
  endfacet
  facet normal 0 0 1
    outer loop
      vertex -14 21 20
      vertex -21.9904 21.3928 20
      vertex -21.9904 20.6072 20
    endloop
  endfacet
  facet normal 0 0 1
    outer loop
      vertex -14 21 20
      vertex -21.9904 20.6072 20
      vertex -21.9711 20.2152 20
    endloop
  endfacet
  facet normal 0 0 1
    outer loop
      vertex -18 12.0619 20
      vertex -12.2223 17.6741 20
      vertex -12.5376 17.9079 20
    endloop
  endfacet
  facet normal 0 0 1
    outer loop
      vertex -18 12.0619 20
      vertex -12.5376 17.9079 20
      vertex -12.8284 18.1716 20
    endloop
  endfacet
  facet normal 0 0 1
    outer loop
      vertex -18 12.0619 20
      vertex -12.8284 18.1716 20
      vertex -13.092 18.4624 20
    endloop
  endfacet
  facet normal 0 0 1
    outer loop
      vertex -18 12.0619 20
      vertex -13.092 18.4624 20
      vertex -13.3259 18.7777 20
    endloop
  endfacet
  facet normal 0 0 1
    outer loop
      vertex -18 12.0619 20
      vertex -13.3259 18.7777 20
      vertex -13.5277 19.1144 20
    endloop
  endfacet
  facet normal 0 0 1
    outer loop
      vertex -18 12.0619 20
      vertex -13.5277 19.1144 20
      vertex -13.6955 19.4693 20
    endloop
  endfacet
  facet normal 0 0 1
    outer loop
      vertex -18 12.0619 20
      vertex -13.6955 19.4693 20
      vertex -13.8278 19.8389 20
    endloop
  endfacet
  facet normal 0 0 1
    outer loop
      vertex -18 12.0619 20
      vertex -13.8278 19.8389 20
      vertex -13.9231 20.2196 20
    endloop
  endfacet
  facet normal 0 0 1
    outer loop
      vertex -18 12.0619 20
      vertex -13.9231 20.2196 20
      vertex -13.9807 20.6079 20
    endloop
  endfacet
  facet normal 0 0 1
    outer loop
      vertex -18 12.0619 20
      vertex -13.9807 20.6079 20
      vertex -14 21 20
    endloop
  endfacet
  facet normal 0 0 1
    outer loop
      vertex -12.2223 17.6741 20
      vertex -18 12.0619 20
      vertex -18 9 20
    endloop
  endfacet
  facet normal 0 0 1
    outer loop
      vertex -12.2223 17.6741 20
      vertex -18 9 20
      vertex -12.5 1.92857 20
    endloop
  endfacet
  facet normal 0 0 1
    outer loop
      vertex 21.9711 21.7848 20
      vertex 13.9807 21.3921 20
      vertex 14 21 20
    endloop
  endfacet
  facet normal 0 0 1
    outer loop
      vertex 20.4232 26.9417 20
      vertex 13.9231 21.7803 20
      vertex 13.9807 21.3921 20
    endloop
  endfacet
  facet normal 0 0 1
    outer loop
      vertex 20.4232 26.9417 20
      vertex 13.8278 22.1611 20
      vertex 13.9231 21.7803 20
    endloop
  endfacet
  facet normal 0 0 1
    outer loop
      vertex 20.4232 26.9417 20
      vertex 13.6955 22.5307 20
      vertex 13.8278 22.1611 20
    endloop
  endfacet
  facet normal 0 0 1
    outer loop
      vertex 20.4232 26.9417 20
      vertex 13.5277 22.8856 20
      vertex 13.6955 22.5307 20
    endloop
  endfacet
  facet normal 0 -0 1
    outer loop
      vertex 13.5277 22.8856 20
      vertex 17.1536 32.5 20
      vertex 7.87213 32.5 20
    endloop
  endfacet
  facet normal 0 0 1
    outer loop
      vertex 14 21 20
      vertex 21.9904 21.3928 20
      vertex 21.9711 21.7848 20
    endloop
  endfacet
  facet normal 0 0 1
    outer loop
      vertex 21.9904 21.3928 20
      vertex 14 21 20
      vertex 21.9904 20.6072 20
    endloop
  endfacet
  facet normal 0 0 1
    outer loop
      vertex 13.9807 21.3921 20
      vertex 21.9711 21.7848 20
      vertex 21.8941 22.566 20
    endloop
  endfacet
  facet normal 0 0 1
    outer loop
      vertex 21.9904 20.6072 20
      vertex 14 21 20
      vertex 21.9711 20.2152 20
    endloop
  endfacet
  facet normal 0 0 1
    outer loop
      vertex 13.9807 21.3921 20
      vertex 21.8941 22.566 20
      vertex 21.8365 22.9543 20
    endloop
  endfacet
  facet normal -0 0 1
    outer loop
      vertex 13.9807 20.6079 20
      vertex 21.9711 20.2152 20
      vertex 14 21 20
    endloop
  endfacet
  facet normal 0 0 1
    outer loop
      vertex 13.9807 21.3921 20
      vertex 21.8365 22.9543 20
      vertex 21.6834 23.7239 20
    endloop
  endfacet
  facet normal 0 0 1
    outer loop
      vertex 21.9711 20.2152 20
      vertex 13.9807 20.6079 20
      vertex 21.8941 19.434 20
    endloop
  endfacet
  facet normal 0 0 1
    outer loop
      vertex 13.9807 21.3921 20
      vertex 21.6834 23.7239 20
      vertex 21.5881 24.1047 20
    endloop
  endfacet
  facet normal 0 0 1
    outer loop
      vertex 21.8941 19.434 20
      vertex 13.9807 20.6079 20
      vertex 21.8365 19.0457 20
    endloop
  endfacet
  facet normal 0 0 1
    outer loop
      vertex 13.9807 21.3921 20
      vertex 21.5881 24.1047 20
      vertex 21.3601 24.8563 20
    endloop
  endfacet
  facet normal -0 0 1
    outer loop
      vertex 13.9231 20.2196 20
      vertex 21.8365 19.0457 20
      vertex 13.9807 20.6079 20
    endloop
  endfacet
  facet normal 0 0 1
    outer loop
      vertex 13.9807 21.3921 20
      vertex 21.3601 24.8563 20
      vertex 21.2278 25.2259 20
    endloop
  endfacet
  facet normal 0 0 1
    outer loop
      vertex 21.8365 19.0457 20
      vertex 13.9231 20.2196 20
      vertex 21.6834 18.2761 20
    endloop
  endfacet
  facet normal 0 0 1
    outer loop
      vertex 13.9807 21.3921 20
      vertex 21.2278 25.2259 20
      vertex 20.9274 25.9512 20
    endloop
  endfacet
  facet normal 0 0 1
    outer loop
      vertex 21.6834 18.2761 20
      vertex 13.9231 20.2196 20
      vertex 21.5881 17.8953 20
    endloop
  endfacet
  facet normal 0 0 1
    outer loop
      vertex 13.9807 21.3921 20
      vertex 20.9274 25.9512 20
      vertex 20.7596 26.3061 20
    endloop
  endfacet
  facet normal -0 0 1
    outer loop
      vertex 13.8278 19.8389 20
      vertex 21.5881 17.8953 20
      vertex 13.9231 20.2196 20
    endloop
  endfacet
  facet normal 0 0 1
    outer loop
      vertex 13.9807 21.3921 20
      vertex 20.7596 26.3061 20
      vertex 20.4232 26.9417 20
    endloop
  endfacet
  facet normal 0 0 1
    outer loop
      vertex 21.5881 17.8953 20
      vertex 13.8278 19.8389 20
      vertex 21.3601 17.1437 20
    endloop
  endfacet
  facet normal 0 0 1
    outer loop
      vertex 21.3601 17.1437 20
      vertex 13.8278 19.8389 20
      vertex 21.2278 16.7741 20
    endloop
  endfacet
  facet normal -0 0 1
    outer loop
      vertex 13.6955 19.4693 20
      vertex 21.2278 16.7741 20
      vertex 13.8278 19.8389 20
    endloop
  endfacet
  facet normal 0 0 1
    outer loop
      vertex 20.9274 16.0488 20
      vertex 13.6955 19.4693 20
      vertex 20.7596 15.6939 20
    endloop
  endfacet
  facet normal -0 0 1
    outer loop
      vertex 13.5277 19.1144 20
      vertex 20.7596 15.6939 20
      vertex 13.6955 19.4693 20
    endloop
  endfacet
  facet normal 0 0 1
    outer loop
      vertex 20.7596 15.6939 20
      vertex 13.5277 19.1144 20
      vertex 20.3895 15.0016 20
    endloop
  endfacet
  facet normal 0 0 1
    outer loop
      vertex 20.3895 15.0016 20
      vertex 13.5277 19.1144 20
      vertex 20.1877 14.6649 20
    endloop
  endfacet
  facet normal 0 0 1
    outer loop
      vertex 20.1877 14.6649 20
      vertex 13.3259 18.7777 20
      vertex 19.7516 14.0123 20
    endloop
  endfacet
  facet normal 0 0 1
    outer loop
      vertex 13.5277 22.8856 20
      vertex 20.4232 26.9417 20
      vertex 17.1536 32.5 20
    endloop
  endfacet
  facet normal 0 0 1
    outer loop
      vertex 21.2278 16.7741 20
      vertex 13.6955 19.4693 20
      vertex 20.9274 16.0488 20
    endloop
  endfacet
  facet normal -0 0 1
    outer loop
      vertex 13.3259 18.7777 20
      vertex 20.1877 14.6649 20
      vertex 13.5277 19.1144 20
    endloop
  endfacet
  facet normal 0 0 1
    outer loop
      vertex 19.7516 14.0123 20
      vertex 13.3259 18.7777 20
      vertex 19.5178 13.697 20
    endloop
  endfacet
  facet normal -0 0 1
    outer loop
      vertex 13.092 18.4624 20
      vertex 19.5178 13.697 20
      vertex 13.3259 18.7777 20
    endloop
  endfacet
  facet normal 0 0 1
    outer loop
      vertex 19.5178 13.697 20
      vertex 13.092 18.4624 20
      vertex 19.0195 13.0898 20
    endloop
  endfacet
  facet normal 0 0 1
    outer loop
      vertex 19.0195 13.0898 20
      vertex 13.092 18.4624 20
      vertex 18.7558 12.7989 20
    endloop
  endfacet
  facet normal -0 0 1
    outer loop
      vertex 12.8284 18.1716 20
      vertex 18.7558 12.7989 20
      vertex 13.092 18.4624 20
    endloop
  endfacet
  facet normal 0 0 1
    outer loop
      vertex 18.7558 12.7989 20
      vertex 12.8284 18.1716 20
      vertex 18.2011 12.2441 20
    endloop
  endfacet
  facet normal 0 0 1
    outer loop
      vertex 18.2011 12.2441 20
      vertex 12.8284 18.1716 20
      vertex 18 12.0619 20
    endloop
  endfacet
  facet normal -0 0 1
    outer loop
      vertex 12.5376 17.9079 20
      vertex 18 12.0619 20
      vertex 12.8284 18.1716 20
    endloop
  endfacet
  facet normal -0 0 1
    outer loop
      vertex 12.2223 17.6741 20
      vertex 18 12.0619 20
      vertex 12.5376 17.9079 20
    endloop
  endfacet
  facet normal -0 0 1
    outer loop
      vertex 11.8856 17.4723 20
      vertex 18 12.0619 20
      vertex 12.2223 17.6741 20
    endloop
  endfacet
  facet normal -0 0 1
    outer loop
      vertex 11.5307 17.3045 20
      vertex 18 12.0619 20
      vertex 11.8856 17.4723 20
    endloop
  endfacet
  facet normal -0 0 1
    outer loop
      vertex 11.1611 17.1722 20
      vertex 18 12.0619 20
      vertex 11.5307 17.3045 20
    endloop
  endfacet
  facet normal -0 0 1
    outer loop
      vertex 10.7803 17.0769 20
      vertex 18 12.0619 20
      vertex 11.1611 17.1722 20
    endloop
  endfacet
  facet normal 0 0 1
    outer loop
      vertex 18 12.0619 20
      vertex 10.7803 17.0769 20
      vertex 18 9 20
    endloop
  endfacet
  facet normal -0 0 1
    outer loop
      vertex 10.3921 17.0193 20
      vertex 18 9 20
      vertex 10.7803 17.0769 20
    endloop
  endfacet
  facet normal -0 0 1
    outer loop
      vertex 10 17 20
      vertex 18 9 20
      vertex 10.3921 17.0193 20
    endloop
  endfacet
  facet normal 0 0 1
    outer loop
      vertex 18 9 20
      vertex 10 17 20
      vertex 12.5 1.92857 20
    endloop
  endfacet
  facet normal 0 0 1
    outer loop
      vertex -12.5 1.92857 20
      vertex 12.5 1.92857 20
      vertex 10 17 20
    endloop
  endfacet
  facet normal 0 0 1
    outer loop
      vertex -12.5 1.92857 20
      vertex 10 17 20
      vertex -10 17 20
    endloop
  endfacet
  facet normal 0 0 1
    outer loop
      vertex -12.5 1.92857 20
      vertex -10 17 20
      vertex -10.3921 17.0193 20
    endloop
  endfacet
  facet normal 0 0 1
    outer loop
      vertex -12.5 1.92857 20
      vertex -10.3921 17.0193 20
      vertex -10.7803 17.0769 20
    endloop
  endfacet
  facet normal 0 0 1
    outer loop
      vertex -12.5 1.92857 20
      vertex -10.7803 17.0769 20
      vertex -11.1611 17.1722 20
    endloop
  endfacet
  facet normal 0 0 1
    outer loop
      vertex -12.5 1.92857 20
      vertex -11.1611 17.1722 20
      vertex -11.5307 17.3045 20
    endloop
  endfacet
  facet normal 0 0 1
    outer loop
      vertex -12.5 1.92857 20
      vertex -11.5307 17.3045 20
      vertex -11.8856 17.4723 20
    endloop
  endfacet
  facet normal 0 0 1
    outer loop
      vertex -12.5 1.92857 20
      vertex -11.8856 17.4723 20
      vertex -12.2223 17.6741 20
    endloop
  endfacet
  facet normal 0 0 1
    outer loop
      vertex 12.5 1.92857 20
      vertex -12.5 1.92857 20
      vertex 12.5 0 20
    endloop
  endfacet
  facet normal 0 0 1
    outer loop
      vertex 12.5 0 20
      vertex -12.5 1.92857 20
      vertex -12.5 0 20
    endloop
  endfacet
  facet normal 0 0 -1
    outer loop
      vertex -12.5 1.92857 0
      vertex 12.5 1.92857 0
      vertex 12.5 0 0
    endloop
  endfacet
  facet normal 0 0 -1
    outer loop
      vertex 12.5 1.92857 0
      vertex 11.8856 17.4723 0
      vertex 12.2223 17.6741 0
    endloop
  endfacet
  facet normal 0 0 -1
    outer loop
      vertex 12.5 1.92857 0
      vertex 11.5307 17.3045 0
      vertex 11.8856 17.4723 0
    endloop
  endfacet
  facet normal 0 0 -1
    outer loop
      vertex 12.5 1.92857 0
      vertex 11.1611 17.1722 0
      vertex 11.5307 17.3045 0
    endloop
  endfacet
  facet normal 0 0 -1
    outer loop
      vertex 12.5 1.92857 0
      vertex 10.7803 17.0769 0
      vertex 11.1611 17.1722 0
    endloop
  endfacet
  facet normal 0 0 -1
    outer loop
      vertex 12.5 1.92857 0
      vertex 10.3921 17.0193 0
      vertex 10.7803 17.0769 0
    endloop
  endfacet
  facet normal 0 0 -1
    outer loop
      vertex 12.5 1.92857 0
      vertex 10 17 0
      vertex 10.3921 17.0193 0
    endloop
  endfacet
  facet normal 0 0 -1
    outer loop
      vertex 12.5 1.92857 0
      vertex -12.5 1.92857 0
      vertex 10 17 0
    endloop
  endfacet
  facet normal -0 0 -1
    outer loop
      vertex 10 17 0
      vertex -12.5 1.92857 0
      vertex -10 17 0
    endloop
  endfacet
  facet normal 0 0 -1
    outer loop
      vertex -18 9 0
      vertex -10 17 0
      vertex -12.5 1.92857 0
    endloop
  endfacet
  facet normal -0 0 -1
    outer loop
      vertex -10 17 0
      vertex -18 9 0
      vertex -10.3921 17.0193 0
    endloop
  endfacet
  facet normal -0 0 -1
    outer loop
      vertex -10.3921 17.0193 0
      vertex -18 9 0
      vertex -10.7803 17.0769 0
    endloop
  endfacet
  facet normal 0 0 -1
    outer loop
      vertex -18 12.0619 0
      vertex -10.7803 17.0769 0
      vertex -18 9 0
    endloop
  endfacet
  facet normal -0 0 -1
    outer loop
      vertex -10.7803 17.0769 0
      vertex -18 12.0619 0
      vertex -11.1611 17.1722 0
    endloop
  endfacet
  facet normal 0 0 -1
    outer loop
      vertex -12.5 1.92857 0
      vertex 12.5 0 0
      vertex -12.5 0 0
    endloop
  endfacet
  facet normal -0 0 -1
    outer loop
      vertex -11.1611 17.1722 0
      vertex -18 12.0619 0
      vertex -11.5307 17.3045 0
    endloop
  endfacet
  facet normal -0 0 -1
    outer loop
      vertex -11.5307 17.3045 0
      vertex -18 12.0619 0
      vertex -11.8856 17.4723 0
    endloop
  endfacet
  facet normal -0 0 -1
    outer loop
      vertex -11.8856 17.4723 0
      vertex -18 12.0619 0
      vertex -12.2223 17.6741 0
    endloop
  endfacet
  facet normal -0 0 -1
    outer loop
      vertex -12.2223 17.6741 0
      vertex -18 12.0619 0
      vertex -12.5376 17.9079 0
    endloop
  endfacet
  facet normal -0 0 -1
    outer loop
      vertex -12.5376 17.9079 0
      vertex -18 12.0619 0
      vertex -12.8284 18.1716 0
    endloop
  endfacet
  facet normal 0 0 -1
    outer loop
      vertex -18.7558 12.7989 0
      vertex -12.8284 18.1716 0
      vertex -18.2011 12.2441 0
    endloop
  endfacet
  facet normal -0 0 -1
    outer loop
      vertex -12.8284 18.1716 0
      vertex -18.7558 12.7989 0
      vertex -13.092 18.4624 0
    endloop
  endfacet
  facet normal 0 0 -1
    outer loop
      vertex -19.0195 13.0898 0
      vertex -13.092 18.4624 0
      vertex -18.7558 12.7989 0
    endloop
  endfacet
  facet normal 0 0 -1
    outer loop
      vertex -19.5178 13.697 0
      vertex -13.092 18.4624 0
      vertex -19.0195 13.0898 0
    endloop
  endfacet
  facet normal -0 0 -1
    outer loop
      vertex -13.092 18.4624 0
      vertex -19.5178 13.697 0
      vertex -13.3259 18.7777 0
    endloop
  endfacet
  facet normal 0 0 -1
    outer loop
      vertex -19.7516 14.0123 0
      vertex -13.3259 18.7777 0
      vertex -19.5178 13.697 0
    endloop
  endfacet
  facet normal 0 0 -1
    outer loop
      vertex -18.2011 12.2441 0
      vertex -12.8284 18.1716 0
      vertex -18 12.0619 0
    endloop
  endfacet
  facet normal 0 0 -1
    outer loop
      vertex 12.2223 17.6741 0
      vertex 18 12.0619 0
      vertex 18 9 0
    endloop
  endfacet
  facet normal 0 0 -1
    outer loop
      vertex 13.9807 21.3921 0
      vertex 18 12.0619 0
      vertex 14 21 0
    endloop
  endfacet
  facet normal 0 0 -1
    outer loop
      vertex 18 12.0619 0
      vertex 13.9807 20.6079 0
      vertex 14 21 0
    endloop
  endfacet
  facet normal 0 0 -1
    outer loop
      vertex 18 12.0619 0
      vertex 13.9231 20.2196 0
      vertex 13.9807 20.6079 0
    endloop
  endfacet
  facet normal 0 0 -1
    outer loop
      vertex 18 12.0619 0
      vertex 13.8278 19.8389 0
      vertex 13.9231 20.2196 0
    endloop
  endfacet
  facet normal 0 0 -1
    outer loop
      vertex 18 12.0619 0
      vertex 13.6955 19.4693 0
      vertex 13.8278 19.8389 0
    endloop
  endfacet
  facet normal 0 0 -1
    outer loop
      vertex 18 12.0619 0
      vertex 13.5277 19.1144 0
      vertex 13.6955 19.4693 0
    endloop
  endfacet
  facet normal 0 0 -1
    outer loop
      vertex 18 12.0619 0
      vertex 13.3259 18.7777 0
      vertex 13.5277 19.1144 0
    endloop
  endfacet
  facet normal 0 0 -1
    outer loop
      vertex 18 12.0619 0
      vertex 13.092 18.4624 0
      vertex 13.3259 18.7777 0
    endloop
  endfacet
  facet normal 0 0 -1
    outer loop
      vertex 18 12.0619 0
      vertex 12.8284 18.1716 0
      vertex 13.092 18.4624 0
    endloop
  endfacet
  facet normal 0 0 -1
    outer loop
      vertex 18 12.0619 0
      vertex 12.5376 17.9079 0
      vertex 12.8284 18.1716 0
    endloop
  endfacet
  facet normal 0 0 -1
    outer loop
      vertex 12.2223 17.6741 0
      vertex 18 9 0
      vertex 12.5 1.92857 0
    endloop
  endfacet
  facet normal 0 0 -1
    outer loop
      vertex 18 12.0619 0
      vertex 12.2223 17.6741 0
      vertex 12.5376 17.9079 0
    endloop
  endfacet
  facet normal 0 0 -1
    outer loop
      vertex 21.9711 20.2152 0
      vertex 21.9904 21.3928 0
      vertex 21.9904 20.6072 0
    endloop
  endfacet
  facet normal 0 0 -1
    outer loop
      vertex 21.9711 20.2152 0
      vertex 21.9711 21.7848 0
      vertex 21.9904 21.3928 0
    endloop
  endfacet
  facet normal 0 0 -1
    outer loop
      vertex 21.8941 19.434 0
      vertex 21.9711 21.7848 0
      vertex 21.9711 20.2152 0
    endloop
  endfacet
  facet normal 0 0 -1
    outer loop
      vertex 21.8941 19.434 0
      vertex 21.8941 22.566 0
      vertex 21.9711 21.7848 0
    endloop
  endfacet
  facet normal 0 0 -1
    outer loop
      vertex 21.8365 19.0457 0
      vertex 21.8941 22.566 0
      vertex 21.8941 19.434 0
    endloop
  endfacet
  facet normal 0 0 -1
    outer loop
      vertex 21.8365 19.0457 0
      vertex 21.8365 22.9543 0
      vertex 21.8941 22.566 0
    endloop
  endfacet
  facet normal 0 0 -1
    outer loop
      vertex 21.6834 18.2761 0
      vertex 21.8365 22.9543 0
      vertex 21.8365 19.0457 0
    endloop
  endfacet
  facet normal 0 0 -1
    outer loop
      vertex 21.6834 18.2761 0
      vertex 21.6834 23.7239 0
      vertex 21.8365 22.9543 0
    endloop
  endfacet
  facet normal 0 0 -1
    outer loop
      vertex 21.5881 17.8953 0
      vertex 21.6834 23.7239 0
      vertex 21.6834 18.2761 0
    endloop
  endfacet
  facet normal 0 0 -1
    outer loop
      vertex 21.5881 17.8953 0
      vertex 21.5881 24.1047 0
      vertex 21.6834 23.7239 0
    endloop
  endfacet
  facet normal 0 0 -1
    outer loop
      vertex 21.3601 17.1437 0
      vertex 21.5881 24.1047 0
      vertex 21.5881 17.8953 0
    endloop
  endfacet
  facet normal 0 0 -1
    outer loop
      vertex 21.3601 17.1437 0
      vertex 21.3601 24.8563 0
      vertex 21.5881 24.1047 0
    endloop
  endfacet
  facet normal 0 0 -1
    outer loop
      vertex 21.2278 16.7741 0
      vertex 21.3601 24.8563 0
      vertex 21.3601 17.1437 0
    endloop
  endfacet
  facet normal 0 0 -1
    outer loop
      vertex 21.2278 16.7741 0
      vertex 21.2278 25.2259 0
      vertex 21.3601 24.8563 0
    endloop
  endfacet
  facet normal 0 0 -1
    outer loop
      vertex 20.9274 16.0488 0
      vertex 21.2278 25.2259 0
      vertex 21.2278 16.7741 0
    endloop
  endfacet
  facet normal 0 0 -1
    outer loop
      vertex 20.9274 16.0488 0
      vertex 20.9274 25.9512 0
      vertex 21.2278 25.2259 0
    endloop
  endfacet
  facet normal 0 0 -1
    outer loop
      vertex 20.7596 15.6939 0
      vertex 20.9274 25.9512 0
      vertex 20.9274 16.0488 0
    endloop
  endfacet
  facet normal 0 0 -1
    outer loop
      vertex 20.7596 15.6939 0
      vertex 20.7596 26.3061 0
      vertex 20.9274 25.9512 0
    endloop
  endfacet
  facet normal 0 0 -1
    outer loop
      vertex 20.7596 15.6939 0
      vertex 20.4232 26.9417 0
      vertex 20.7596 26.3061 0
    endloop
  endfacet
  facet normal 0 0 -1
    outer loop
      vertex 20.3895 15.0016 0
      vertex 20.4232 26.9417 0
      vertex 20.7596 15.6939 0
    endloop
  endfacet
  facet normal 0 0 -1
    outer loop
      vertex 20.1877 14.6649 0
      vertex 20.4232 26.9417 0
      vertex 20.3895 15.0016 0
    endloop
  endfacet
  facet normal 0 0 -1
    outer loop
      vertex 19.7516 14.0123 0
      vertex 20.4232 26.9417 0
      vertex 20.1877 14.6649 0
    endloop
  endfacet
  facet normal 0 0 -1
    outer loop
      vertex 19.5178 13.697 0
      vertex 20.4232 26.9417 0
      vertex 19.7516 14.0123 0
    endloop
  endfacet
  facet normal 0 0 -1
    outer loop
      vertex 19.0195 13.0898 0
      vertex 20.4232 26.9417 0
      vertex 19.5178 13.697 0
    endloop
  endfacet
  facet normal 0 0 -1
    outer loop
      vertex 18.7558 12.7989 0
      vertex 20.4232 26.9417 0
      vertex 19.0195 13.0898 0
    endloop
  endfacet
  facet normal 0 0 -1
    outer loop
      vertex 18.2011 12.2441 0
      vertex 20.4232 26.9417 0
      vertex 18.7558 12.7989 0
    endloop
  endfacet
  facet normal 0 0 -1
    outer loop
      vertex 18 12.0619 0
      vertex 20.4232 26.9417 0
      vertex 18.2011 12.2441 0
    endloop
  endfacet
  facet normal -0 0 -1
    outer loop
      vertex 20.4232 26.9417 0
      vertex 18 12.0619 0
      vertex 17.1536 32.5 0
    endloop
  endfacet
  facet normal 0 0 -1
    outer loop
      vertex 18 12.0619 0
      vertex 13.9807 21.3921 0
      vertex 17.1536 32.5 0
    endloop
  endfacet
  facet normal 0 0 -1
    outer loop
      vertex 13.9231 21.7803 0
      vertex 17.1536 32.5 0
      vertex 13.9807 21.3921 0
    endloop
  endfacet
  facet normal 0 0 -1
    outer loop
      vertex 13.8278 22.1611 0
      vertex 17.1536 32.5 0
      vertex 13.9231 21.7803 0
    endloop
  endfacet
  facet normal 0 0 -1
    outer loop
      vertex 13.6955 22.5307 0
      vertex 17.1536 32.5 0
      vertex 13.8278 22.1611 0
    endloop
  endfacet
  facet normal 0 0 -1
    outer loop
      vertex 13.5277 22.8856 0
      vertex 17.1536 32.5 0
      vertex 13.6955 22.5307 0
    endloop
  endfacet
  facet normal -0 0 -1
    outer loop
      vertex 17.1536 32.5 0
      vertex 13.5277 22.8856 0
      vertex 7.87213 32.5 0
    endloop
  endfacet
  facet normal 0 0 -1
    outer loop
      vertex 4.93095 37.5 0
      vertex 10.4232 43.9417 0
      vertex 14.2124 37.5 0
    endloop
  endfacet
  facet normal 0 0 -1
    outer loop
      vertex 3.52768 39.8856 0
      vertex 10.4232 43.9417 0
      vertex 4.93095 37.5 0
    endloop
  endfacet
  facet normal -0 0 -1
    outer loop
      vertex 10.4232 43.9417 0
      vertex 3.52768 39.8856 0
      vertex 10.3895 43.9984 0
    endloop
  endfacet
  facet normal -0 0 -1
    outer loop
      vertex 10.3895 43.9984 0
      vertex 3.52768 39.8856 0
      vertex 10.1877 44.3351 0
    endloop
  endfacet
  facet normal 0 0 -1
    outer loop
      vertex 3.32587 40.2223 0
      vertex 10.1877 44.3351 0
      vertex 3.52768 39.8856 0
    endloop
  endfacet
  facet normal -0 0 -1
    outer loop
      vertex 10.1877 44.3351 0
      vertex 3.32587 40.2223 0
      vertex 9.75163 44.9877 0
    endloop
  endfacet
  facet normal -0 0 -1
    outer loop
      vertex 9.75163 44.9877 0
      vertex 3.32587 40.2223 0
      vertex 9.51781 45.303 0
    endloop
  endfacet
  facet normal 0 0 -1
    outer loop
      vertex 3.09204 40.5376 0
      vertex 9.51781 45.303 0
      vertex 3.32587 40.2223 0
    endloop
  endfacet
  facet normal -0 0 -1
    outer loop
      vertex 9.51781 45.303 0
      vertex 3.09204 40.5376 0
      vertex 9.01947 45.9102 0
    endloop
  endfacet
  facet normal -0 0 -1
    outer loop
      vertex 9.01947 45.9102 0
      vertex 3.09204 40.5376 0
      vertex 8.75584 46.2011 0
    endloop
  endfacet
  facet normal -0 0 -1
    outer loop
      vertex 8.75584 46.2011 0
      vertex 2.82841 40.8284 0
      vertex 8.20108 46.7558 0
    endloop
  endfacet
  facet normal -0 0 -1
    outer loop
      vertex 8.20108 46.7558 0
      vertex 2.82841 40.8284 0
      vertex 7.91023 47.0195 0
    endloop
  endfacet
  facet normal 0 0 -1
    outer loop
      vertex 2.53757 41.092 0
      vertex 7.91023 47.0195 0
      vertex 2.82841 40.8284 0
    endloop
  endfacet
  facet normal -0 0 -1
    outer loop
      vertex 7.91023 47.0195 0
      vertex 2.53757 41.092 0
      vertex 7.30301 47.5178 0
    endloop
  endfacet
  facet normal 0 0 -1
    outer loop
      vertex 2.82841 40.8284 0
      vertex 8.75584 46.2011 0
      vertex 3.09204 40.5376 0
    endloop
  endfacet
  facet normal -0 0 -1
    outer loop
      vertex 7.30301 47.5178 0
      vertex 2.53757 41.092 0
      vertex 6.98772 47.7516 0
    endloop
  endfacet
  facet normal 0 0 -1
    outer loop
      vertex 2.22227 41.3259 0
      vertex 6.98772 47.7516 0
      vertex 2.53757 41.092 0
    endloop
  endfacet
  facet normal -0 0 -1
    outer loop
      vertex 6.98772 47.7516 0
      vertex 2.22227 41.3259 0
      vertex 6.33513 48.1877 0
    endloop
  endfacet
  facet normal -0 0 -1
    outer loop
      vertex 6.33513 48.1877 0
      vertex 2.22227 41.3259 0
      vertex 5.99843 48.3895 0
    endloop
  endfacet
  facet normal 0 0 -1
    outer loop
      vertex 1.88557 41.5277 0
      vertex 5.99843 48.3895 0
      vertex 2.22227 41.3259 0
    endloop
  endfacet
  facet normal -0 0 -1
    outer loop
      vertex 5.99843 48.3895 0
      vertex 1.88557 41.5277 0
      vertex 5.30606 48.7596 0
    endloop
  endfacet
  facet normal -0 0 -1
    outer loop
      vertex 5.30606 48.7596 0
      vertex 1.88557 41.5277 0
      vertex 4.95122 48.9274 0
    endloop
  endfacet
  facet normal 0 0 -1
    outer loop
      vertex 1.53073 41.6955 0
      vertex 4.95122 48.9274 0
      vertex 1.88557 41.5277 0
    endloop
  endfacet
  facet normal -0 0 -1
    outer loop
      vertex 4.95122 48.9274 0
      vertex 1.53073 41.6955 0
      vertex 4.22591 49.2278 0
    endloop
  endfacet
  facet normal -0 0 -1
    outer loop
      vertex 4.22591 49.2278 0
      vertex 1.53073 41.6955 0
      vertex 3.85631 49.3601 0
    endloop
  endfacet
  facet normal 0 0 -1
    outer loop
      vertex 1.16113 41.8278 0
      vertex 3.85631 49.3601 0
      vertex 1.53073 41.6955 0
    endloop
  endfacet
  facet normal -0 0 -1
    outer loop
      vertex 3.85631 49.3601 0
      vertex 1.16113 41.8278 0
      vertex 3.10471 49.5881 0
    endloop
  endfacet
  facet normal -0 0 -1
    outer loop
      vertex 3.10471 49.5881 0
      vertex 1.16113 41.8278 0
      vertex 2.72392 49.6834 0
    endloop
  endfacet
  facet normal 0 0 -1
    outer loop
      vertex 0.78035 41.9231 0
      vertex 2.72392 49.6834 0
      vertex 1.16113 41.8278 0
    endloop
  endfacet
  facet normal -0 0 -1
    outer loop
      vertex 2.72392 49.6834 0
      vertex 0.78035 41.9231 0
      vertex 1.95428 49.8365 0
    endloop
  endfacet
  facet normal -0 0 -1
    outer loop
      vertex 1.95428 49.8365 0
      vertex 0.78035 41.9231 0
      vertex 1.56599 49.8941 0
    endloop
  endfacet
  facet normal 0 0 -1
    outer loop
      vertex 0.392059 41.9807 0
      vertex 1.56599 49.8941 0
      vertex 0.78035 41.9231 0
    endloop
  endfacet
  facet normal -0 0 -1
    outer loop
      vertex 1.56599 49.8941 0
      vertex 0.392059 41.9807 0
      vertex 0.784836 49.9711 0
    endloop
  endfacet
  facet normal -0 0 -1
    outer loop
      vertex 0.784836 49.9711 0
      vertex 0.392059 41.9807 0
      vertex 0.392776 49.9904 0
    endloop
  endfacet
  facet normal 0 0 -1
    outer loop
      vertex 0 42 0
      vertex 0.392776 49.9904 0
      vertex 0.392059 41.9807 0
    endloop
  endfacet
  facet normal 0 0 -1
    outer loop
      vertex -0.392776 49.9904 0
      vertex 0 42 0
      vertex -0.392059 41.9807 0
    endloop
  endfacet
  facet normal 0 0 -1
    outer loop
      vertex 0 42 0
      vertex -0.392776 49.9904 0
      vertex 0.392776 49.9904 0
    endloop
  endfacet
  facet normal 0 0 -1
    outer loop
      vertex -1.56599 49.8941 0
      vertex -0.392059 41.9807 0
      vertex -0.78035 41.9231 0
    endloop
  endfacet
  facet normal 0 0 -1
    outer loop
      vertex -0.392059 41.9807 0
      vertex -0.784836 49.9711 0
      vertex -0.392776 49.9904 0
    endloop
  endfacet
  facet normal 0 0 -1
    outer loop
      vertex -2.72392 49.6834 0
      vertex -0.78035 41.9231 0
      vertex -1.16113 41.8278 0
    endloop
  endfacet
  facet normal 0 0 -1
    outer loop
      vertex -3.85631 49.3601 0
      vertex -1.16113 41.8278 0
      vertex -1.53073 41.6955 0
    endloop
  endfacet
  facet normal 0 0 -1
    outer loop
      vertex -0.392059 41.9807 0
      vertex -1.56599 49.8941 0
      vertex -0.784836 49.9711 0
    endloop
  endfacet
  facet normal 0 0 -1
    outer loop
      vertex -4.95122 48.9274 0
      vertex -1.53073 41.6955 0
      vertex -1.88557 41.5277 0
    endloop
  endfacet
  facet normal 0 0 -1
    outer loop
      vertex -0.78035 41.9231 0
      vertex -1.95428 49.8365 0
      vertex -1.56599 49.8941 0
    endloop
  endfacet
  facet normal 0 0 -1
    outer loop
      vertex -5.99843 48.3895 0
      vertex -1.88557 41.5277 0
      vertex -2.22227 41.3259 0
    endloop
  endfacet
  facet normal 0 0 -1
    outer loop
      vertex -6.98772 47.7516 0
      vertex -2.22227 41.3259 0
      vertex -2.53757 41.092 0
    endloop
  endfacet
  facet normal 0 0 -1
    outer loop
      vertex -0.78035 41.9231 0
      vertex -2.72392 49.6834 0
      vertex -1.95428 49.8365 0
    endloop
  endfacet
  facet normal 0 0 -1
    outer loop
      vertex -7.91023 47.0195 0
      vertex -2.53757 41.092 0
      vertex -2.82841 40.8284 0
    endloop
  endfacet
  facet normal 0 0 -1
    outer loop
      vertex -8.75584 46.2011 0
      vertex -2.82841 40.8284 0
      vertex -3.09204 40.5376 0
    endloop
  endfacet
  facet normal 0 0 -1
    outer loop
      vertex -1.16113 41.8278 0
      vertex -3.10471 49.5881 0
      vertex -2.72392 49.6834 0
    endloop
  endfacet
  facet normal 0 0 -1
    outer loop
      vertex -9.51781 45.303 0
      vertex -3.09204 40.5376 0
      vertex -3.32587 40.2223 0
    endloop
  endfacet
  facet normal 0 0 -1
    outer loop
      vertex -10.1877 44.3351 0
      vertex -3.32587 40.2223 0
      vertex -3.52768 39.8856 0
    endloop
  endfacet
  facet normal 0 0 -1
    outer loop
      vertex -1.16113 41.8278 0
      vertex -3.85631 49.3601 0
      vertex -3.10471 49.5881 0
    endloop
  endfacet
  facet normal 0 0 -1
    outer loop
      vertex -1.53073 41.6955 0
      vertex -4.22591 49.2278 0
      vertex -3.85631 49.3601 0
    endloop
  endfacet
  facet normal 0 0 -1
    outer loop
      vertex -1.53073 41.6955 0
      vertex -4.95122 48.9274 0
      vertex -4.22591 49.2278 0
    endloop
  endfacet
  facet normal 0 0 -1
    outer loop
      vertex -1.88557 41.5277 0
      vertex -5.30606 48.7596 0
      vertex -4.95122 48.9274 0
    endloop
  endfacet
  facet normal 0 0 -1
    outer loop
      vertex -1.88557 41.5277 0
      vertex -5.99843 48.3895 0
      vertex -5.30606 48.7596 0
    endloop
  endfacet
  facet normal 0 0 -1
    outer loop
      vertex -2.22227 41.3259 0
      vertex -6.33513 48.1877 0
      vertex -5.99843 48.3895 0
    endloop
  endfacet
  facet normal 0 0 -1
    outer loop
      vertex -2.22227 41.3259 0
      vertex -6.98772 47.7516 0
      vertex -6.33513 48.1877 0
    endloop
  endfacet
  facet normal 0 0 -1
    outer loop
      vertex -2.53757 41.092 0
      vertex -7.30301 47.5178 0
      vertex -6.98772 47.7516 0
    endloop
  endfacet
  facet normal 0 0 -1
    outer loop
      vertex -2.53757 41.092 0
      vertex -7.91023 47.0195 0
      vertex -7.30301 47.5178 0
    endloop
  endfacet
  facet normal 0 0 -1
    outer loop
      vertex -2.82841 40.8284 0
      vertex -8.20108 46.7558 0
      vertex -7.91023 47.0195 0
    endloop
  endfacet
  facet normal 0 0 -1
    outer loop
      vertex -2.82841 40.8284 0
      vertex -8.75584 46.2011 0
      vertex -8.20108 46.7558 0
    endloop
  endfacet
  facet normal 0 0 -1
    outer loop
      vertex -3.09204 40.5376 0
      vertex -9.01947 45.9102 0
      vertex -8.75584 46.2011 0
    endloop
  endfacet
  facet normal 0 0 -1
    outer loop
      vertex -3.09204 40.5376 0
      vertex -9.51781 45.303 0
      vertex -9.01947 45.9102 0
    endloop
  endfacet
  facet normal 0 0 -1
    outer loop
      vertex -3.32587 40.2223 0
      vertex -9.75163 44.9877 0
      vertex -9.51781 45.303 0
    endloop
  endfacet
  facet normal 0 0 -1
    outer loop
      vertex -3.32587 40.2223 0
      vertex -10.1877 44.3351 0
      vertex -9.75163 44.9877 0
    endloop
  endfacet
  facet normal 0 0 -1
    outer loop
      vertex -3.52768 39.8856 0
      vertex -10.3895 43.9984 0
      vertex -10.1877 44.3351 0
    endloop
  endfacet
  facet normal 0 0 -1
    outer loop
      vertex -3.52768 39.8856 0
      vertex -10.4232 43.9417 0
      vertex -10.3895 43.9984 0
    endloop
  endfacet
  facet normal 0 0 -1
    outer loop
      vertex -13.5277 22.8856 0
      vertex -10.4232 43.9417 0
      vertex -3.52768 39.8856 0
    endloop
  endfacet
  facet normal 0 0 -1
    outer loop
      vertex -20.7596 26.3061 0
      vertex -13.5277 22.8856 0
      vertex -13.6955 22.5307 0
    endloop
  endfacet
  facet normal 0 0 -1
    outer loop
      vertex -21.2278 25.2259 0
      vertex -13.6955 22.5307 0
      vertex -13.8278 22.1611 0
    endloop
  endfacet
  facet normal 0 0 -1
    outer loop
      vertex -21.5881 24.1047 0
      vertex -13.8278 22.1611 0
      vertex -13.9231 21.7803 0
    endloop
  endfacet
  facet normal 0 0 -1
    outer loop
      vertex -20.1877 14.6649 0
      vertex -13.3259 18.7777 0
      vertex -19.7516 14.0123 0
    endloop
  endfacet
  facet normal -0 0 -1
    outer loop
      vertex -13.3259 18.7777 0
      vertex -20.1877 14.6649 0
      vertex -13.5277 19.1144 0
    endloop
  endfacet
  facet normal 0 0 -1
    outer loop
      vertex -20.3895 15.0016 0
      vertex -13.5277 19.1144 0
      vertex -20.1877 14.6649 0
    endloop
  endfacet
  facet normal 0 0 -1
    outer loop
      vertex -20.7596 15.6939 0
      vertex -13.5277 19.1144 0
      vertex -20.3895 15.0016 0
    endloop
  endfacet
  facet normal -0 0 -1
    outer loop
      vertex -13.5277 19.1144 0
      vertex -20.7596 15.6939 0
      vertex -13.6955 19.4693 0
    endloop
  endfacet
  facet normal 0 0 -1
    outer loop
      vertex -20.9274 16.0488 0
      vertex -13.6955 19.4693 0
      vertex -20.7596 15.6939 0
    endloop
  endfacet
  facet normal 0 0 -1
    outer loop
      vertex -21.2278 16.7741 0
      vertex -13.6955 19.4693 0
      vertex -20.9274 16.0488 0
    endloop
  endfacet
  facet normal -0 0 -1
    outer loop
      vertex -13.6955 19.4693 0
      vertex -21.2278 16.7741 0
      vertex -13.8278 19.8389 0
    endloop
  endfacet
  facet normal 0 0 -1
    outer loop
      vertex -21.3601 17.1437 0
      vertex -13.8278 19.8389 0
      vertex -21.2278 16.7741 0
    endloop
  endfacet
  facet normal 0 0 -1
    outer loop
      vertex -21.5881 17.8953 0
      vertex -13.8278 19.8389 0
      vertex -21.3601 17.1437 0
    endloop
  endfacet
  facet normal -0 0 -1
    outer loop
      vertex -13.8278 19.8389 0
      vertex -21.5881 17.8953 0
      vertex -13.9231 20.2196 0
    endloop
  endfacet
  facet normal 0 0 -1
    outer loop
      vertex -13.5277 22.8856 0
      vertex -20.4232 26.9417 0
      vertex -10.4232 43.9417 0
    endloop
  endfacet
  facet normal 0 0 -1
    outer loop
      vertex -21.6834 18.2761 0
      vertex -13.9231 20.2196 0
      vertex -21.5881 17.8953 0
    endloop
  endfacet
  facet normal 0 0 -1
    outer loop
      vertex -13.5277 22.8856 0
      vertex -20.7596 26.3061 0
      vertex -20.4232 26.9417 0
    endloop
  endfacet
  facet normal 0 0 -1
    outer loop
      vertex -21.8365 19.0457 0
      vertex -13.9231 20.2196 0
      vertex -21.6834 18.2761 0
    endloop
  endfacet
  facet normal 0 0 -1
    outer loop
      vertex -13.6955 22.5307 0
      vertex -20.9274 25.9512 0
      vertex -20.7596 26.3061 0
    endloop
  endfacet
  facet normal -0 0 -1
    outer loop
      vertex -13.9231 20.2196 0
      vertex -21.8365 19.0457 0
      vertex -13.9807 20.6079 0
    endloop
  endfacet
  facet normal 0 0 -1
    outer loop
      vertex -13.6955 22.5307 0
      vertex -21.2278 25.2259 0
      vertex -20.9274 25.9512 0
    endloop
  endfacet
  facet normal 0 0 -1
    outer loop
      vertex -21.8941 19.434 0
      vertex -13.9807 20.6079 0
      vertex -21.8365 19.0457 0
    endloop
  endfacet
  facet normal 0 0 -1
    outer loop
      vertex -13.8278 22.1611 0
      vertex -21.3601 24.8563 0
      vertex -21.2278 25.2259 0
    endloop
  endfacet
  facet normal 0 0 -1
    outer loop
      vertex -21.9711 20.2152 0
      vertex -13.9807 20.6079 0
      vertex -21.8941 19.434 0
    endloop
  endfacet
  facet normal 0 0 -1
    outer loop
      vertex -13.8278 22.1611 0
      vertex -21.5881 24.1047 0
      vertex -21.3601 24.8563 0
    endloop
  endfacet
  facet normal -0 0 -1
    outer loop
      vertex -13.9807 20.6079 0
      vertex -21.9711 20.2152 0
      vertex -14 21 0
    endloop
  endfacet
  facet normal 0 0 -1
    outer loop
      vertex -13.9231 21.7803 0
      vertex -21.6834 23.7239 0
      vertex -21.5881 24.1047 0
    endloop
  endfacet
  facet normal 0 0 -1
    outer loop
      vertex -21.9904 20.6072 0
      vertex -14 21 0
      vertex -21.9711 20.2152 0
    endloop
  endfacet
  facet normal 0 0 -1
    outer loop
      vertex -13.9231 21.7803 0
      vertex -21.8365 22.9543 0
      vertex -21.6834 23.7239 0
    endloop
  endfacet
  facet normal 0 0 -1
    outer loop
      vertex -21.9904 21.3928 0
      vertex -14 21 0
      vertex -21.9904 20.6072 0
    endloop
  endfacet
  facet normal 0 0 -1
    outer loop
      vertex -13.9231 21.7803 0
      vertex -21.8941 22.566 0
      vertex -21.8365 22.9543 0
    endloop
  endfacet
  facet normal 0 0 -1
    outer loop
      vertex -14 21 0
      vertex -21.9904 21.3928 0
      vertex -13.9807 21.3921 0
    endloop
  endfacet
  facet normal 0 0 -1
    outer loop
      vertex -13.9807 21.3921 0
      vertex -21.8941 22.566 0
      vertex -13.9231 21.7803 0
    endloop
  endfacet
  facet normal 0 -0 -1
    outer loop
      vertex -21.9711 21.7848 0
      vertex -13.9807 21.3921 0
      vertex -21.9904 21.3928 0
    endloop
  endfacet
  facet normal 0 -0 -1
    outer loop
      vertex -21.8941 22.566 0
      vertex -13.9807 21.3921 0
      vertex -21.9711 21.7848 0
    endloop
  endfacet
  facet normal -1 0 0
    outer loop
      vertex -12.5 0 0
      vertex -12.5 1.92857 20
      vertex -12.5 1.92857 0
    endloop
  endfacet
  facet normal -1 -0 0
    outer loop
      vertex -12.5 1.92857 20
      vertex -12.5 0 0
      vertex -12.5 0 20
    endloop
  endfacet
  facet normal 1 -0 0
    outer loop
      vertex 18 9 20
      vertex 18 12.0619 0
      vertex 18 12.0619 20
    endloop
  endfacet
  facet normal 1 0 0
    outer loop
      vertex 18 12.0619 0
      vertex 18 9 20
      vertex 18 9 0
    endloop
  endfacet
  facet normal 0.671425 -0.741073 0
    outer loop
      vertex 18 12.0619 0
      vertex 18.2011 12.2441 20
      vertex 18 12.0619 20
    endloop
  endfacet
  facet normal 0.671425 -0.741073 0
    outer loop
      vertex 18.2011 12.2441 20
      vertex 18 12.0619 0
      vertex 18.2011 12.2441 0
    endloop
  endfacet
  facet normal 0.707171 -0.707043 1.43226e-18
    outer loop
      vertex 18.2011 12.2441 20
      vertex 18.7558 12.7989 0
      vertex 18.7558 12.7989 20
    endloop
  endfacet
  facet normal 0.707171 -0.707043 1.43226e-18
    outer loop
      vertex 18.7558 12.7989 0
      vertex 18.2011 12.2441 20
      vertex 18.2011 12.2441 0
    endloop
  endfacet
  facet normal 0.740896 -0.67162 -1.95777e-19
    outer loop
      vertex 18.7558 12.7989 20
      vertex 19.0195 13.0898 0
      vertex 19.0195 13.0898 20
    endloop
  endfacet
  facet normal 0.740896 -0.67162 -1.95777e-19
    outer loop
      vertex 19.0195 13.0898 0
      vertex 18.7558 12.7989 20
      vertex 18.7558 12.7989 0
    endloop
  endfacet
  facet normal 0.773021 -0.634381 -6.05068e-19
    outer loop
      vertex 19.0195 13.0898 20
      vertex 19.5178 13.697 0
      vertex 19.5178 13.697 20
    endloop
  endfacet
  facet normal 0.773021 -0.634381 -6.05068e-19
    outer loop
      vertex 19.5178 13.697 0
      vertex 19.0195 13.0898 20
      vertex 19.0195 13.0898 0
    endloop
  endfacet
  facet normal 0.803259 -0.59563 -6.27947e-19
    outer loop
      vertex 19.5178 13.697 20
      vertex 19.7516 14.0123 0
      vertex 19.7516 14.0123 20
    endloop
  endfacet
  facet normal 0.803259 -0.59563 -6.27947e-19
    outer loop
      vertex 19.7516 14.0123 0
      vertex 19.5178 13.697 20
      vertex 19.5178 13.697 0
    endloop
  endfacet
  facet normal 0.831442 -0.555611 1.70254e-18
    outer loop
      vertex 19.7516 14.0123 20
      vertex 20.1877 14.6649 0
      vertex 20.1877 14.6649 20
    endloop
  endfacet
  facet normal 0.831442 -0.555611 1.70254e-18
    outer loop
      vertex 20.1877 14.6649 0
      vertex 19.7516 14.0123 20
      vertex 19.7516 14.0123 0
    endloop
  endfacet
  facet normal 0.85774 -0.514084 -6.46143e-19
    outer loop
      vertex 20.1877 14.6649 20
      vertex 20.3895 15.0016 0
      vertex 20.3895 15.0016 20
    endloop
  endfacet
  facet normal 0.85774 -0.514084 -6.46143e-19
    outer loop
      vertex 20.3895 15.0016 0
      vertex 20.1877 14.6649 20
      vertex 20.1877 14.6649 0
    endloop
  endfacet
  facet normal 0.881891 -0.471454 -7.45799e-19
    outer loop
      vertex 20.3895 15.0016 20
      vertex 20.7596 15.6939 0
      vertex 20.7596 15.6939 20
    endloop
  endfacet
  facet normal 0.881891 -0.471454 -7.45799e-19
    outer loop
      vertex 20.7596 15.6939 0
      vertex 20.3895 15.0016 20
      vertex 20.3895 15.0016 0
    endloop
  endfacet
  facet normal 0.904044 -0.42744 -3.81824e-19
    outer loop
      vertex 20.7596 15.6939 20
      vertex 20.9274 16.0488 0
      vertex 20.9274 16.0488 20
    endloop
  endfacet
  facet normal 0.904044 -0.42744 -3.81824e-19
    outer loop
      vertex 20.9274 16.0488 0
      vertex 20.7596 15.6939 20
      vertex 20.7596 15.6939 0
    endloop
  endfacet
  facet normal 0.923893 -0.382652 -6.29883e-19
    outer loop
      vertex 20.9274 16.0488 20
      vertex 21.2278 16.7741 0
      vertex 21.2278 16.7741 20
    endloop
  endfacet
  facet normal 0.923893 -0.382652 -6.29883e-19
    outer loop
      vertex 21.2278 16.7741 0
      vertex 20.9274 16.0488 20
      vertex 20.9274 16.0488 0
    endloop
  endfacet
  facet normal 0.9415 -0.337014 4.12972e-19
    outer loop
      vertex 21.2278 16.7741 20
      vertex 21.3601 17.1437 0
      vertex 21.3601 17.1437 20
    endloop
  endfacet
  facet normal 0.9415 -0.337014 4.12972e-19
    outer loop
      vertex 21.3601 17.1437 0
      vertex 21.2278 16.7741 20
      vertex 21.2278 16.7741 0
    endloop
  endfacet
  facet normal 0.956939 -0.29029 -5.36308e-19
    outer loop
      vertex 21.3601 17.1437 20
      vertex 21.5881 17.8953 0
      vertex 21.5881 17.8953 20
    endloop
  endfacet
  facet normal 0.956939 -0.29029 -5.36308e-19
    outer loop
      vertex 21.5881 17.8953 0
      vertex 21.3601 17.1437 20
      vertex 21.3601 17.1437 0
    endloop
  endfacet
  facet normal 0.970083 -0.242775 -3.84901e-19
    outer loop
      vertex 21.5881 17.8953 20
      vertex 21.6834 18.2761 0
      vertex 21.6834 18.2761 20
    endloop
  endfacet
  facet normal 0.970083 -0.242775 -3.84901e-19
    outer loop
      vertex 21.6834 18.2761 0
      vertex 21.5881 17.8953 20
      vertex 21.5881 17.8953 0
    endloop
  endfacet
  facet normal 0.980781 -0.195111 4.98465e-20
    outer loop
      vertex 21.6834 18.2761 20
      vertex 21.8365 19.0457 0
      vertex 21.8365 19.0457 20
    endloop
  endfacet
  facet normal 0.980781 -0.195111 4.98465e-20
    outer loop
      vertex 21.8365 19.0457 0
      vertex 21.6834 18.2761 20
      vertex 21.6834 18.2761 0
    endloop
  endfacet
  facet normal 0.989176 -0.146733 2.1422e-19
    outer loop
      vertex 21.8365 19.0457 20
      vertex 21.8941 19.434 0
      vertex 21.8941 19.434 20
    endloop
  endfacet
  facet normal 0.989176 -0.146733 2.1422e-19
    outer loop
      vertex 21.8941 19.434 0
      vertex 21.8365 19.0457 20
      vertex 21.8365 19.0457 0
    endloop
  endfacet
  facet normal 0.995177 -0.098091 -1.99284e-19
    outer loop
      vertex 21.8941 19.434 20
      vertex 21.9711 20.2152 0
      vertex 21.9711 20.2152 20
    endloop
  endfacet
  facet normal 0.995177 -0.098091 -1.99284e-19
    outer loop
      vertex 21.9711 20.2152 0
      vertex 21.8941 19.434 20
      vertex 21.8941 19.434 0
    endloop
  endfacet
  facet normal 0.99879 -0.0491751 1.06051e-20
    outer loop
      vertex 21.9711 20.2152 20
      vertex 21.9904 20.6072 0
      vertex 21.9904 20.6072 20
    endloop
  endfacet
  facet normal 0.99879 -0.0491751 1.06051e-20
    outer loop
      vertex 21.9904 20.6072 0
      vertex 21.9711 20.2152 20
      vertex 21.9711 20.2152 0
    endloop
  endfacet
  facet normal 1 -0 0
    outer loop
      vertex 21.9904 20.6072 20
      vertex 21.9904 21.3928 0
      vertex 21.9904 21.3928 20
    endloop
  endfacet
  facet normal 1 0 0
    outer loop
      vertex 21.9904 21.3928 0
      vertex 21.9904 20.6072 20
      vertex 21.9904 20.6072 0
    endloop
  endfacet
  facet normal 0.99879 0.0491751 -1.06051e-20
    outer loop
      vertex 21.9904 21.3928 20
      vertex 21.9711 21.7848 0
      vertex 21.9711 21.7848 20
    endloop
  endfacet
  facet normal 0.99879 0.0491751 -1.06051e-20
    outer loop
      vertex 21.9711 21.7848 0
      vertex 21.9904 21.3928 20
      vertex 21.9904 21.3928 0
    endloop
  endfacet
  facet normal 0.995177 0.098091 1.99284e-19
    outer loop
      vertex 21.9711 21.7848 20
      vertex 21.8941 22.566 0
      vertex 21.8941 22.566 20
    endloop
  endfacet
  facet normal 0.995177 0.098091 1.99284e-19
    outer loop
      vertex 21.8941 22.566 0
      vertex 21.9711 21.7848 20
      vertex 21.9711 21.7848 0
    endloop
  endfacet
  facet normal 0.989176 0.146733 -2.1422e-19
    outer loop
      vertex 21.8941 22.566 20
      vertex 21.8365 22.9543 0
      vertex 21.8365 22.9543 20
    endloop
  endfacet
  facet normal 0.989176 0.146733 -2.1422e-19
    outer loop
      vertex 21.8365 22.9543 0
      vertex 21.8941 22.566 20
      vertex 21.8941 22.566 0
    endloop
  endfacet
  facet normal 0.980781 0.195111 -4.98465e-20
    outer loop
      vertex 21.8365 22.9543 20
      vertex 21.6834 23.7239 0
      vertex 21.6834 23.7239 20
    endloop
  endfacet
  facet normal 0.980781 0.195111 -4.98465e-20
    outer loop
      vertex 21.6834 23.7239 0
      vertex 21.8365 22.9543 20
      vertex 21.8365 22.9543 0
    endloop
  endfacet
  facet normal 0.970083 0.242775 3.84901e-19
    outer loop
      vertex 21.6834 23.7239 20
      vertex 21.5881 24.1047 0
      vertex 21.5881 24.1047 20
    endloop
  endfacet
  facet normal 0.970083 0.242775 3.84901e-19
    outer loop
      vertex 21.5881 24.1047 0
      vertex 21.6834 23.7239 20
      vertex 21.6834 23.7239 0
    endloop
  endfacet
  facet normal 0.956939 0.29029 5.36308e-19
    outer loop
      vertex 21.5881 24.1047 20
      vertex 21.3601 24.8563 0
      vertex 21.3601 24.8563 20
    endloop
  endfacet
  facet normal 0.956939 0.29029 5.36308e-19
    outer loop
      vertex 21.3601 24.8563 0
      vertex 21.5881 24.1047 20
      vertex 21.5881 24.1047 0
    endloop
  endfacet
  facet normal 0.9415 0.337014 -4.12972e-19
    outer loop
      vertex 21.3601 24.8563 20
      vertex 21.2278 25.2259 0
      vertex 21.2278 25.2259 20
    endloop
  endfacet
  facet normal 0.9415 0.337014 -4.12972e-19
    outer loop
      vertex 21.2278 25.2259 0
      vertex 21.3601 24.8563 20
      vertex 21.3601 24.8563 0
    endloop
  endfacet
  facet normal 0.923893 0.382652 6.29883e-19
    outer loop
      vertex 21.2278 25.2259 20
      vertex 20.9274 25.9512 0
      vertex 20.9274 25.9512 20
    endloop
  endfacet
  facet normal 0.923893 0.382652 6.29883e-19
    outer loop
      vertex 20.9274 25.9512 0
      vertex 21.2278 25.2259 20
      vertex 21.2278 25.2259 0
    endloop
  endfacet
  facet normal 0.904044 0.42744 3.81824e-19
    outer loop
      vertex 20.9274 25.9512 20
      vertex 20.7596 26.3061 0
      vertex 20.7596 26.3061 20
    endloop
  endfacet
  facet normal 0.904044 0.42744 3.81824e-19
    outer loop
      vertex 20.7596 26.3061 0
      vertex 20.9274 25.9512 20
      vertex 20.9274 25.9512 0
    endloop
  endfacet
  facet normal 0.883842 0.467785 8.62335e-19
    outer loop
      vertex 20.7596 26.3061 20
      vertex 20.4232 26.9417 0
      vertex 20.4232 26.9417 20
    endloop
  endfacet
  facet normal 0.883842 0.467785 8.62335e-19
    outer loop
      vertex 20.4232 26.9417 0
      vertex 20.7596 26.3061 20
      vertex 20.7596 26.3061 0
    endloop
  endfacet
  facet normal 0.861933 0.507021 3.88349e-19
    outer loop
      vertex 20.4232 26.9417 20
      vertex 17.1536 32.5 0
      vertex 17.1536 32.5 20
    endloop
  endfacet
  facet normal 0.861933 0.507021 3.88349e-19
    outer loop
      vertex 17.1536 32.5 0
      vertex 20.4232 26.9417 20
      vertex 20.4232 26.9417 0
    endloop
  endfacet
  facet normal 0 1 -0
    outer loop
      vertex 17.1536 32.5 0
      vertex 7.87213 32.5 20
      vertex 17.1536 32.5 20
    endloop
  endfacet
  facet normal 0 1 0
    outer loop
      vertex 7.87213 32.5 20
      vertex 17.1536 32.5 0
      vertex 7.87213 32.5 0
    endloop
  endfacet
  facet normal -0.861933 -0.507023 1.36348e-18
    outer loop
      vertex 13.5277 22.8856 0
      vertex 7.87213 32.5 20
      vertex 7.87213 32.5 0
    endloop
  endfacet
  facet normal -0.861933 -0.507023 1.36348e-18
    outer loop
      vertex 7.87213 32.5 20
      vertex 13.5277 22.8856 0
      vertex 13.5277 22.8856 20
    endloop
  endfacet
  facet normal -0.904044 -0.42744 3.81824e-19
    outer loop
      vertex 13.6955 22.5307 0
      vertex 13.5277 22.8856 20
      vertex 13.5277 22.8856 0
    endloop
  endfacet
  facet normal -0.904044 -0.42744 3.81824e-19
    outer loop
      vertex 13.5277 22.8856 20
      vertex 13.6955 22.5307 0
      vertex 13.6955 22.5307 20
    endloop
  endfacet
  facet normal -0.9415 -0.337014 -4.12972e-19
    outer loop
      vertex 13.8278 22.1611 0
      vertex 13.6955 22.5307 20
      vertex 13.6955 22.5307 0
    endloop
  endfacet
  facet normal -0.9415 -0.337014 -4.12972e-19
    outer loop
      vertex 13.6955 22.5307 20
      vertex 13.8278 22.1611 0
      vertex 13.8278 22.1611 20
    endloop
  endfacet
  facet normal -0.970083 -0.242775 -4.35826e-20
    outer loop
      vertex 13.9231 21.7803 0
      vertex 13.8278 22.1611 20
      vertex 13.8278 22.1611 0
    endloop
  endfacet
  facet normal -0.970083 -0.242775 -4.35826e-20
    outer loop
      vertex 13.8278 22.1611 20
      vertex 13.9231 21.7803 0
      vertex 13.9231 21.7803 20
    endloop
  endfacet
  facet normal -0.989171 -0.14677 -2.08813e-19
    outer loop
      vertex 13.9807 21.3921 0
      vertex 13.9231 21.7803 20
      vertex 13.9231 21.7803 0
    endloop
  endfacet
  facet normal -0.989171 -0.14677 -2.08813e-19
    outer loop
      vertex 13.9231 21.7803 20
      vertex 13.9807 21.3921 0
      vertex 13.9807 21.3921 20
    endloop
  endfacet
  facet normal -0.998791 -0.0491626 -2.68346e-20
    outer loop
      vertex 14 21 0
      vertex 13.9807 21.3921 20
      vertex 13.9807 21.3921 0
    endloop
  endfacet
  facet normal -0.998791 -0.0491626 -2.68346e-20
    outer loop
      vertex 13.9807 21.3921 20
      vertex 14 21 0
      vertex 14 21 20
    endloop
  endfacet
  facet normal -0.998791 0.0491626 2.68346e-20
    outer loop
      vertex 13.9807 20.6079 0
      vertex 14 21 20
      vertex 14 21 0
    endloop
  endfacet
  facet normal -0.998791 0.0491626 2.68346e-20
    outer loop
      vertex 14 21 20
      vertex 13.9807 20.6079 0
      vertex 13.9807 20.6079 20
    endloop
  endfacet
  facet normal -0.989176 0.146733 2.1422e-19
    outer loop
      vertex 13.9231 20.2196 0
      vertex 13.9807 20.6079 20
      vertex 13.9807 20.6079 0
    endloop
  endfacet
  facet normal -0.989176 0.146733 2.1422e-19
    outer loop
      vertex 13.9807 20.6079 20
      vertex 13.9231 20.2196 0
      vertex 13.9231 20.2196 20
    endloop
  endfacet
  facet normal -0.970068 0.242835 3.0462e-19
    outer loop
      vertex 13.8278 19.8389 0
      vertex 13.9231 20.2196 20
      vertex 13.9231 20.2196 0
    endloop
  endfacet
  facet normal -0.970068 0.242835 3.0462e-19
    outer loop
      vertex 13.9231 20.2196 20
      vertex 13.8278 19.8389 0
      vertex 13.8278 19.8389 20
    endloop
  endfacet
  facet normal -0.9415 0.337014 4.12972e-19
    outer loop
      vertex 13.6955 19.4693 0
      vertex 13.8278 19.8389 20
      vertex 13.8278 19.8389 0
    endloop
  endfacet
  facet normal -0.9415 0.337014 4.12972e-19
    outer loop
      vertex 13.8278 19.8389 20
      vertex 13.6955 19.4693 0
      vertex 13.6955 19.4693 20
    endloop
  endfacet
  facet normal -0.904044 0.42744 -3.81824e-19
    outer loop
      vertex 13.5277 19.1144 0
      vertex 13.6955 19.4693 20
      vertex 13.6955 19.4693 0
    endloop
  endfacet
  facet normal -0.904044 0.42744 -3.81824e-19
    outer loop
      vertex 13.6955 19.4693 20
      vertex 13.5277 19.1144 0
      vertex 13.5277 19.1144 20
    endloop
  endfacet
  facet normal -0.85774 0.514084 7.76484e-19
    outer loop
      vertex 13.3259 18.7777 0
      vertex 13.5277 19.1144 20
      vertex 13.5277 19.1144 0
    endloop
  endfacet
  facet normal -0.85774 0.514084 7.76484e-19
    outer loop
      vertex 13.5277 19.1144 20
      vertex 13.3259 18.7777 0
      vertex 13.3259 18.7777 20
    endloop
  endfacet
  facet normal -0.803137 0.595794 -7.42071e-19
    outer loop
      vertex 13.092 18.4624 0
      vertex 13.3259 18.7777 20
      vertex 13.3259 18.7777 0
    endloop
  endfacet
  facet normal -0.803137 0.595794 -7.42071e-19
    outer loop
      vertex 13.3259 18.7777 20
      vertex 13.092 18.4624 0
      vertex 13.092 18.4624 20
    endloop
  endfacet
  facet normal -0.740908 0.671607 -6.90771e-19
    outer loop
      vertex 12.8284 18.1716 0
      vertex 13.092 18.4624 20
      vertex 13.092 18.4624 0
    endloop
  endfacet
  facet normal -0.740908 0.671607 -6.90771e-19
    outer loop
      vertex 13.092 18.4624 20
      vertex 12.8284 18.1716 0
      vertex 12.8284 18.1716 20
    endloop
  endfacet
  facet normal -0.671747 0.740781 0
    outer loop
      vertex 12.8284 18.1716 0
      vertex 12.5376 17.9079 20
      vertex 12.8284 18.1716 20
    endloop
  endfacet
  facet normal -0.671747 0.740781 0
    outer loop
      vertex 12.5376 17.9079 20
      vertex 12.8284 18.1716 0
      vertex 12.5376 17.9079 0
    endloop
  endfacet
  facet normal -0.59563 0.803259 0
    outer loop
      vertex 12.5376 17.9079 0
      vertex 12.2223 17.6741 20
      vertex 12.5376 17.9079 20
    endloop
  endfacet
  facet normal -0.59563 0.803259 0
    outer loop
      vertex 12.2223 17.6741 20
      vertex 12.5376 17.9079 0
      vertex 12.2223 17.6741 0
    endloop
  endfacet
  facet normal -0.514084 0.85774 0
    outer loop
      vertex 12.2223 17.6741 0
      vertex 11.8856 17.4723 20
      vertex 12.2223 17.6741 20
    endloop
  endfacet
  facet normal -0.514084 0.85774 0
    outer loop
      vertex 11.8856 17.4723 20
      vertex 12.2223 17.6741 0
      vertex 11.8856 17.4723 0
    endloop
  endfacet
  facet normal -0.42744 0.904044 0
    outer loop
      vertex 11.8856 17.4723 0
      vertex 11.5307 17.3045 20
      vertex 11.8856 17.4723 20
    endloop
  endfacet
  facet normal -0.42744 0.904044 0
    outer loop
      vertex 11.5307 17.3045 20
      vertex 11.8856 17.4723 0
      vertex 11.5307 17.3045 0
    endloop
  endfacet
  facet normal -0.337014 0.9415 0
    outer loop
      vertex 11.5307 17.3045 0
      vertex 11.1611 17.1722 20
      vertex 11.5307 17.3045 20
    endloop
  endfacet
  facet normal -0.337014 0.9415 0
    outer loop
      vertex 11.1611 17.1722 20
      vertex 11.5307 17.3045 0
      vertex 11.1611 17.1722 0
    endloop
  endfacet
  facet normal -0.242775 0.970083 0
    outer loop
      vertex 11.1611 17.1722 0
      vertex 10.7803 17.0769 20
      vertex 11.1611 17.1722 20
    endloop
  endfacet
  facet normal -0.242775 0.970083 0
    outer loop
      vertex 10.7803 17.0769 20
      vertex 11.1611 17.1722 0
      vertex 10.7803 17.0769 0
    endloop
  endfacet
  facet normal -0.14677 0.989171 0
    outer loop
      vertex 10.7803 17.0769 0
      vertex 10.3921 17.0193 20
      vertex 10.7803 17.0769 20
    endloop
  endfacet
  facet normal -0.14677 0.989171 0
    outer loop
      vertex 10.3921 17.0193 20
      vertex 10.7803 17.0769 0
      vertex 10.3921 17.0193 0
    endloop
  endfacet
  facet normal -0.0491626 0.998791 0
    outer loop
      vertex 10.3921 17.0193 0
      vertex 10 17 20
      vertex 10.3921 17.0193 20
    endloop
  endfacet
  facet normal -0.0491626 0.998791 0
    outer loop
      vertex 10 17 20
      vertex 10.3921 17.0193 0
      vertex 10 17 0
    endloop
  endfacet
  facet normal 0 1 -0
    outer loop
      vertex 10 17 0
      vertex -10 17 20
      vertex 10 17 20
    endloop
  endfacet
  facet normal 0 1 0
    outer loop
      vertex -10 17 20
      vertex 10 17 0
      vertex -10 17 0
    endloop
  endfacet
  facet normal 0.0491626 0.998791 -0
    outer loop
      vertex -10 17 0
      vertex -10.3921 17.0193 20
      vertex -10 17 20
    endloop
  endfacet
  facet normal 0.0491626 0.998791 0
    outer loop
      vertex -10.3921 17.0193 20
      vertex -10 17 0
      vertex -10.3921 17.0193 0
    endloop
  endfacet
  facet normal 0.14677 0.989171 -0
    outer loop
      vertex -10.3921 17.0193 0
      vertex -10.7803 17.0769 20
      vertex -10.3921 17.0193 20
    endloop
  endfacet
  facet normal 0.14677 0.989171 0
    outer loop
      vertex -10.7803 17.0769 20
      vertex -10.3921 17.0193 0
      vertex -10.7803 17.0769 0
    endloop
  endfacet
  facet normal 0.242775 0.970083 -0
    outer loop
      vertex -10.7803 17.0769 0
      vertex -11.1611 17.1722 20
      vertex -10.7803 17.0769 20
    endloop
  endfacet
  facet normal 0.242775 0.970083 0
    outer loop
      vertex -11.1611 17.1722 20
      vertex -10.7803 17.0769 0
      vertex -11.1611 17.1722 0
    endloop
  endfacet
  facet normal 0.337014 0.9415 -0
    outer loop
      vertex -11.1611 17.1722 0
      vertex -11.5307 17.3045 20
      vertex -11.1611 17.1722 20
    endloop
  endfacet
  facet normal 0.337014 0.9415 0
    outer loop
      vertex -11.5307 17.3045 20
      vertex -11.1611 17.1722 0
      vertex -11.5307 17.3045 0
    endloop
  endfacet
  facet normal 0.42744 0.904044 -0
    outer loop
      vertex -11.5307 17.3045 0
      vertex -11.8856 17.4723 20
      vertex -11.5307 17.3045 20
    endloop
  endfacet
  facet normal 0.42744 0.904044 0
    outer loop
      vertex -11.8856 17.4723 20
      vertex -11.5307 17.3045 0
      vertex -11.8856 17.4723 0
    endloop
  endfacet
  facet normal 0.514084 0.85774 -0
    outer loop
      vertex -11.8856 17.4723 0
      vertex -12.2223 17.6741 20
      vertex -11.8856 17.4723 20
    endloop
  endfacet
  facet normal 0.514084 0.85774 0
    outer loop
      vertex -12.2223 17.6741 20
      vertex -11.8856 17.4723 0
      vertex -12.2223 17.6741 0
    endloop
  endfacet
  facet normal 0.59563 0.803259 -0
    outer loop
      vertex -12.2223 17.6741 0
      vertex -12.5376 17.9079 20
      vertex -12.2223 17.6741 20
    endloop
  endfacet
  facet normal 0.59563 0.803259 0
    outer loop
      vertex -12.5376 17.9079 20
      vertex -12.2223 17.6741 0
      vertex -12.5376 17.9079 0
    endloop
  endfacet
  facet normal 0.671747 0.740781 -0
    outer loop
      vertex -12.5376 17.9079 0
      vertex -12.8284 18.1716 20
      vertex -12.5376 17.9079 20
    endloop
  endfacet
  facet normal 0.671747 0.740781 0
    outer loop
      vertex -12.8284 18.1716 20
      vertex -12.5376 17.9079 0
      vertex -12.8284 18.1716 0
    endloop
  endfacet
  facet normal 0.740908 0.671607 6.90771e-19
    outer loop
      vertex -12.8284 18.1716 20
      vertex -13.092 18.4624 0
      vertex -13.092 18.4624 20
    endloop
  endfacet
  facet normal 0.740908 0.671607 6.90771e-19
    outer loop
      vertex -13.092 18.4624 0
      vertex -12.8284 18.1716 20
      vertex -12.8284 18.1716 0
    endloop
  endfacet
  facet normal 0.803137 0.595794 7.42071e-19
    outer loop
      vertex -13.092 18.4624 20
      vertex -13.3259 18.7777 0
      vertex -13.3259 18.7777 20
    endloop
  endfacet
  facet normal 0.803137 0.595794 7.42071e-19
    outer loop
      vertex -13.3259 18.7777 0
      vertex -13.092 18.4624 20
      vertex -13.092 18.4624 0
    endloop
  endfacet
  facet normal 0.85774 0.514084 -7.76484e-19
    outer loop
      vertex -13.3259 18.7777 20
      vertex -13.5277 19.1144 0
      vertex -13.5277 19.1144 20
    endloop
  endfacet
  facet normal 0.85774 0.514084 -7.76484e-19
    outer loop
      vertex -13.5277 19.1144 0
      vertex -13.3259 18.7777 20
      vertex -13.3259 18.7777 0
    endloop
  endfacet
  facet normal 0.904044 0.42744 3.81824e-19
    outer loop
      vertex -13.5277 19.1144 20
      vertex -13.6955 19.4693 0
      vertex -13.6955 19.4693 20
    endloop
  endfacet
  facet normal 0.904044 0.42744 3.81824e-19
    outer loop
      vertex -13.6955 19.4693 0
      vertex -13.5277 19.1144 20
      vertex -13.5277 19.1144 0
    endloop
  endfacet
  facet normal 0.9415 0.337014 -4.12972e-19
    outer loop
      vertex -13.6955 19.4693 20
      vertex -13.8278 19.8389 0
      vertex -13.8278 19.8389 20
    endloop
  endfacet
  facet normal 0.9415 0.337014 -4.12972e-19
    outer loop
      vertex -13.8278 19.8389 0
      vertex -13.6955 19.4693 20
      vertex -13.6955 19.4693 0
    endloop
  endfacet
  facet normal 0.970068 0.242835 -3.0462e-19
    outer loop
      vertex -13.8278 19.8389 20
      vertex -13.9231 20.2196 0
      vertex -13.9231 20.2196 20
    endloop
  endfacet
  facet normal 0.970068 0.242835 -3.0462e-19
    outer loop
      vertex -13.9231 20.2196 0
      vertex -13.8278 19.8389 20
      vertex -13.8278 19.8389 0
    endloop
  endfacet
  facet normal 0.989176 0.146733 -2.1422e-19
    outer loop
      vertex -13.9231 20.2196 20
      vertex -13.9807 20.6079 0
      vertex -13.9807 20.6079 20
    endloop
  endfacet
  facet normal 0.989176 0.146733 -2.1422e-19
    outer loop
      vertex -13.9807 20.6079 0
      vertex -13.9231 20.2196 20
      vertex -13.9231 20.2196 0
    endloop
  endfacet
  facet normal 0.998791 0.0491626 -2.68346e-20
    outer loop
      vertex -13.9807 20.6079 20
      vertex -14 21 0
      vertex -14 21 20
    endloop
  endfacet
  facet normal 0.998791 0.0491626 -2.68346e-20
    outer loop
      vertex -14 21 0
      vertex -13.9807 20.6079 20
      vertex -13.9807 20.6079 0
    endloop
  endfacet
  facet normal 0.998791 -0.0491626 2.68346e-20
    outer loop
      vertex -14 21 20
      vertex -13.9807 21.3921 0
      vertex -13.9807 21.3921 20
    endloop
  endfacet
  facet normal 0.998791 -0.0491626 2.68346e-20
    outer loop
      vertex -13.9807 21.3921 0
      vertex -14 21 20
      vertex -14 21 0
    endloop
  endfacet
  facet normal 0.989171 -0.14677 2.08813e-19
    outer loop
      vertex -13.9807 21.3921 20
      vertex -13.9231 21.7803 0
      vertex -13.9231 21.7803 20
    endloop
  endfacet
  facet normal 0.989171 -0.14677 2.08813e-19
    outer loop
      vertex -13.9231 21.7803 0
      vertex -13.9807 21.3921 20
      vertex -13.9807 21.3921 0
    endloop
  endfacet
  facet normal 0.970083 -0.242775 4.35826e-20
    outer loop
      vertex -13.9231 21.7803 20
      vertex -13.8278 22.1611 0
      vertex -13.8278 22.1611 20
    endloop
  endfacet
  facet normal 0.970083 -0.242775 4.35826e-20
    outer loop
      vertex -13.8278 22.1611 0
      vertex -13.9231 21.7803 20
      vertex -13.9231 21.7803 0
    endloop
  endfacet
  facet normal 0.9415 -0.337014 4.12972e-19
    outer loop
      vertex -13.8278 22.1611 20
      vertex -13.6955 22.5307 0
      vertex -13.6955 22.5307 20
    endloop
  endfacet
  facet normal 0.9415 -0.337014 4.12972e-19
    outer loop
      vertex -13.6955 22.5307 0
      vertex -13.8278 22.1611 20
      vertex -13.8278 22.1611 0
    endloop
  endfacet
  facet normal 0.904044 -0.42744 -3.81824e-19
    outer loop
      vertex -13.6955 22.5307 20
      vertex -13.5277 22.8856 0
      vertex -13.5277 22.8856 20
    endloop
  endfacet
  facet normal 0.904044 -0.42744 -3.81824e-19
    outer loop
      vertex -13.5277 22.8856 0
      vertex -13.6955 22.5307 20
      vertex -13.6955 22.5307 0
    endloop
  endfacet
  facet normal 0.861934 -0.507021 3.60257e-17
    outer loop
      vertex -13.5277 22.8856 20
      vertex -3.52768 39.8856 0
      vertex -3.52768 39.8856 20
    endloop
  endfacet
  facet normal 0.861934 -0.507021 3.60257e-17
    outer loop
      vertex -3.52768 39.8856 0
      vertex -13.5277 22.8856 20
      vertex -13.5277 22.8856 0
    endloop
  endfacet
  facet normal 0.857729 -0.514102 9.82591e-20
    outer loop
      vertex -3.52768 39.8856 20
      vertex -3.32587 40.2223 0
      vertex -3.32587 40.2223 20
    endloop
  endfacet
  facet normal 0.857729 -0.514102 9.82591e-20
    outer loop
      vertex -3.32587 40.2223 0
      vertex -3.52768 39.8856 20
      vertex -3.52768 39.8856 0
    endloop
  endfacet
  facet normal 0.803223 -0.595679 2.48235e-19
    outer loop
      vertex -3.32587 40.2223 20
      vertex -3.09204 40.5376 0
      vertex -3.09204 40.5376 20
    endloop
  endfacet
  facet normal 0.803223 -0.595679 2.48235e-19
    outer loop
      vertex -3.09204 40.5376 0
      vertex -3.32587 40.2223 20
      vertex -3.32587 40.2223 0
    endloop
  endfacet
  facet normal 0.74087 -0.671649 4.9138e-19
    outer loop
      vertex -3.09204 40.5376 20
      vertex -2.82841 40.8284 0
      vertex -2.82841 40.8284 20
    endloop
  endfacet
  facet normal 0.74087 -0.671649 4.9138e-19
    outer loop
      vertex -2.82841 40.8284 0
      vertex -3.09204 40.5376 20
      vertex -3.09204 40.5376 0
    endloop
  endfacet
  facet normal 0.671556 -0.740954 0
    outer loop
      vertex -2.82841 40.8284 0
      vertex -2.53757 41.092 20
      vertex -2.82841 40.8284 20
    endloop
  endfacet
  facet normal 0.671556 -0.740954 0
    outer loop
      vertex -2.53757 41.092 20
      vertex -2.82841 40.8284 0
      vertex -2.53757 41.092 0
    endloop
  endfacet
  facet normal 0.595794 -0.803137 0
    outer loop
      vertex -2.53757 41.092 0
      vertex -2.22227 41.3259 20
      vertex -2.53757 41.092 20
    endloop
  endfacet
  facet normal 0.595794 -0.803137 0
    outer loop
      vertex -2.22227 41.3259 20
      vertex -2.53757 41.092 0
      vertex -2.22227 41.3259 0
    endloop
  endfacet
  facet normal 0.514084 -0.85774 0
    outer loop
      vertex -2.22227 41.3259 0
      vertex -1.88557 41.5277 20
      vertex -2.22227 41.3259 20
    endloop
  endfacet
  facet normal 0.514084 -0.85774 0
    outer loop
      vertex -1.88557 41.5277 20
      vertex -2.22227 41.3259 0
      vertex -1.88557 41.5277 0
    endloop
  endfacet
  facet normal 0.427499 -0.904016 0
    outer loop
      vertex -1.88557 41.5277 0
      vertex -1.53073 41.6955 20
      vertex -1.88557 41.5277 20
    endloop
  endfacet
  facet normal 0.427499 -0.904016 0
    outer loop
      vertex -1.53073 41.6955 20
      vertex -1.88557 41.5277 0
      vertex -1.53073 41.6955 0
    endloop
  endfacet
  facet normal 0.337014 -0.9415 0
    outer loop
      vertex -1.53073 41.6955 0
      vertex -1.16113 41.8278 20
      vertex -1.53073 41.6955 20
    endloop
  endfacet
  facet normal 0.337014 -0.9415 0
    outer loop
      vertex -1.16113 41.8278 20
      vertex -1.53073 41.6955 0
      vertex -1.16113 41.8278 0
    endloop
  endfacet
  facet normal 0.242787 -0.97008 0
    outer loop
      vertex -1.16113 41.8278 0
      vertex -0.78035 41.9231 20
      vertex -1.16113 41.8278 20
    endloop
  endfacet
  facet normal 0.242787 -0.97008 0
    outer loop
      vertex -0.78035 41.9231 20
      vertex -1.16113 41.8278 0
      vertex -0.78035 41.9231 0
    endloop
  endfacet
  facet normal 0.146737 -0.989176 0
    outer loop
      vertex -0.78035 41.9231 0
      vertex -0.392059 41.9807 20
      vertex -0.78035 41.9231 20
    endloop
  endfacet
  facet normal 0.146737 -0.989176 0
    outer loop
      vertex -0.392059 41.9807 20
      vertex -0.78035 41.9231 0
      vertex -0.392059 41.9807 0
    endloop
  endfacet
  facet normal 0.0491677 -0.998791 0
    outer loop
      vertex -0.392059 41.9807 0
      vertex 0 42 20
      vertex -0.392059 41.9807 20
    endloop
  endfacet
  facet normal 0.0491677 -0.998791 0
    outer loop
      vertex 0 42 20
      vertex -0.392059 41.9807 0
      vertex 0 42 0
    endloop
  endfacet
  facet normal -0.0491677 -0.998791 0
    outer loop
      vertex 0 42 0
      vertex 0.392059 41.9807 20
      vertex 0 42 20
    endloop
  endfacet
  facet normal -0.0491677 -0.998791 -0
    outer loop
      vertex 0.392059 41.9807 20
      vertex 0 42 0
      vertex 0.392059 41.9807 0
    endloop
  endfacet
  facet normal -0.146737 -0.989176 0
    outer loop
      vertex 0.392059 41.9807 0
      vertex 0.78035 41.9231 20
      vertex 0.392059 41.9807 20
    endloop
  endfacet
  facet normal -0.146737 -0.989176 -0
    outer loop
      vertex 0.78035 41.9231 20
      vertex 0.392059 41.9807 0
      vertex 0.78035 41.9231 0
    endloop
  endfacet
  facet normal -0.242787 -0.97008 0
    outer loop
      vertex 0.78035 41.9231 0
      vertex 1.16113 41.8278 20
      vertex 0.78035 41.9231 20
    endloop
  endfacet
  facet normal -0.242787 -0.97008 -0
    outer loop
      vertex 1.16113 41.8278 20
      vertex 0.78035 41.9231 0
      vertex 1.16113 41.8278 0
    endloop
  endfacet
  facet normal -0.337014 -0.9415 0
    outer loop
      vertex 1.16113 41.8278 0
      vertex 1.53073 41.6955 20
      vertex 1.16113 41.8278 20
    endloop
  endfacet
  facet normal -0.337014 -0.9415 -0
    outer loop
      vertex 1.53073 41.6955 20
      vertex 1.16113 41.8278 0
      vertex 1.53073 41.6955 0
    endloop
  endfacet
  facet normal -0.427499 -0.904016 0
    outer loop
      vertex 1.53073 41.6955 0
      vertex 1.88557 41.5277 20
      vertex 1.53073 41.6955 20
    endloop
  endfacet
  facet normal -0.427499 -0.904016 -0
    outer loop
      vertex 1.88557 41.5277 20
      vertex 1.53073 41.6955 0
      vertex 1.88557 41.5277 0
    endloop
  endfacet
  facet normal -0.514084 -0.85774 0
    outer loop
      vertex 1.88557 41.5277 0
      vertex 2.22227 41.3259 20
      vertex 1.88557 41.5277 20
    endloop
  endfacet
  facet normal -0.514084 -0.85774 -0
    outer loop
      vertex 2.22227 41.3259 20
      vertex 1.88557 41.5277 0
      vertex 2.22227 41.3259 0
    endloop
  endfacet
  facet normal -0.595794 -0.803137 0
    outer loop
      vertex 2.22227 41.3259 0
      vertex 2.53757 41.092 20
      vertex 2.22227 41.3259 20
    endloop
  endfacet
  facet normal -0.595794 -0.803137 -0
    outer loop
      vertex 2.53757 41.092 20
      vertex 2.22227 41.3259 0
      vertex 2.53757 41.092 0
    endloop
  endfacet
  facet normal -0.671556 -0.740954 0
    outer loop
      vertex 2.53757 41.092 0
      vertex 2.82841 40.8284 20
      vertex 2.53757 41.092 20
    endloop
  endfacet
  facet normal -0.671556 -0.740954 -0
    outer loop
      vertex 2.82841 40.8284 20
      vertex 2.53757 41.092 0
      vertex 2.82841 40.8284 0
    endloop
  endfacet
  facet normal -0.74087 -0.671649 -4.9138e-19
    outer loop
      vertex 3.09204 40.5376 0
      vertex 2.82841 40.8284 20
      vertex 2.82841 40.8284 0
    endloop
  endfacet
  facet normal -0.74087 -0.671649 -4.9138e-19
    outer loop
      vertex 2.82841 40.8284 20
      vertex 3.09204 40.5376 0
      vertex 3.09204 40.5376 20
    endloop
  endfacet
  facet normal -0.803223 -0.595679 -2.48235e-19
    outer loop
      vertex 3.32587 40.2223 0
      vertex 3.09204 40.5376 20
      vertex 3.09204 40.5376 0
    endloop
  endfacet
  facet normal -0.803223 -0.595679 -2.48235e-19
    outer loop
      vertex 3.09204 40.5376 20
      vertex 3.32587 40.2223 0
      vertex 3.32587 40.2223 20
    endloop
  endfacet
  facet normal -0.857729 -0.514102 -9.82591e-20
    outer loop
      vertex 3.52768 39.8856 0
      vertex 3.32587 40.2223 20
      vertex 3.32587 40.2223 0
    endloop
  endfacet
  facet normal -0.857729 -0.514102 -9.82591e-20
    outer loop
      vertex 3.32587 40.2223 20
      vertex 3.52768 39.8856 0
      vertex 3.52768 39.8856 20
    endloop
  endfacet
  facet normal -0.861938 -0.507014 -6.70164e-19
    outer loop
      vertex 4.93095 37.5 0
      vertex 3.52768 39.8856 20
      vertex 3.52768 39.8856 0
    endloop
  endfacet
  facet normal -0.861938 -0.507014 -6.70164e-19
    outer loop
      vertex 3.52768 39.8856 20
      vertex 4.93095 37.5 0
      vertex 4.93095 37.5 20
    endloop
  endfacet
  facet normal 0 -1 0
    outer loop
      vertex 4.93095 37.5 0
      vertex 14.2124 37.5 20
      vertex 4.93095 37.5 20
    endloop
  endfacet
  facet normal 0 -1 -0
    outer loop
      vertex 14.2124 37.5 20
      vertex 4.93095 37.5 0
      vertex 14.2124 37.5 0
    endloop
  endfacet
  facet normal 0.861936 0.507017 -1.16228e-17
    outer loop
      vertex 14.2124 37.5 20
      vertex 10.4232 43.9417 0
      vertex 10.4232 43.9417 20
    endloop
  endfacet
  facet normal 0.861936 0.507017 -1.16228e-17
    outer loop
      vertex 10.4232 43.9417 0
      vertex 14.2124 37.5 20
      vertex 14.2124 37.5 0
    endloop
  endfacet
  facet normal 0.859626 0.510924 -2.78314e-20
    outer loop
      vertex 10.4232 43.9417 20
      vertex 10.3895 43.9984 0
      vertex 10.3895 43.9984 20
    endloop
  endfacet
  facet normal 0.859626 0.510924 -2.78314e-20
    outer loop
      vertex 10.3895 43.9984 0
      vertex 10.4232 43.9417 20
      vertex 10.4232 43.9417 0
    endloop
  endfacet
  facet normal 0.85774 0.514084 8.18668e-19
    outer loop
      vertex 10.3895 43.9984 20
      vertex 10.1877 44.3351 0
      vertex 10.1877 44.3351 20
    endloop
  endfacet
  facet normal 0.85774 0.514084 8.18668e-19
    outer loop
      vertex 10.1877 44.3351 0
      vertex 10.3895 43.9984 20
      vertex 10.3895 43.9984 0
    endloop
  endfacet
  facet normal 0.83146 0.555585 -1.10354e-18
    outer loop
      vertex 10.1877 44.3351 20
      vertex 9.75163 44.9877 0
      vertex 9.75163 44.9877 20
    endloop
  endfacet
  facet normal 0.83146 0.555585 -1.10354e-18
    outer loop
      vertex 9.75163 44.9877 0
      vertex 10.1877 44.3351 20
      vertex 10.1877 44.3351 0
    endloop
  endfacet
  facet normal 0.803235 0.595662 4.38168e-20
    outer loop
      vertex 9.75163 44.9877 20
      vertex 9.51781 45.303 0
      vertex 9.51781 45.303 20
    endloop
  endfacet
  facet normal 0.803235 0.595662 4.38168e-20
    outer loop
      vertex 9.51781 45.303 0
      vertex 9.75163 44.9877 20
      vertex 9.75163 44.9877 0
    endloop
  endfacet
  facet normal 0.772996 0.634411 7.76446e-19
    outer loop
      vertex 9.51781 45.303 20
      vertex 9.01947 45.9102 0
      vertex 9.01947 45.9102 20
    endloop
  endfacet
  facet normal 0.772996 0.634411 7.76446e-19
    outer loop
      vertex 9.01947 45.9102 0
      vertex 9.51781 45.303 20
      vertex 9.51781 45.303 0
    endloop
  endfacet
  facet normal 0.740985 0.671522 1.85901e-19
    outer loop
      vertex 9.01947 45.9102 20
      vertex 8.75584 46.2011 0
      vertex 8.75584 46.2011 20
    endloop
  endfacet
  facet normal 0.740985 0.671522 1.85901e-19
    outer loop
      vertex 8.75584 46.2011 0
      vertex 9.01947 45.9102 20
      vertex 9.01947 45.9102 0
    endloop
  endfacet
  facet normal 0.707069 0.707145 3.38293e-19
    outer loop
      vertex 8.75584 46.2011 20
      vertex 8.20108 46.7558 0
      vertex 8.20108 46.7558 20
    endloop
  endfacet
  facet normal 0.707069 0.707145 3.38293e-19
    outer loop
      vertex 8.20108 46.7558 0
      vertex 8.75584 46.2011 20
      vertex 8.75584 46.2011 0
    endloop
  endfacet
  facet normal 0.671683 0.740838 -0
    outer loop
      vertex 8.20108 46.7558 0
      vertex 7.91023 47.0195 20
      vertex 8.20108 46.7558 20
    endloop
  endfacet
  facet normal 0.671683 0.740838 0
    outer loop
      vertex 7.91023 47.0195 20
      vertex 8.20108 46.7558 0
      vertex 7.91023 47.0195 0
    endloop
  endfacet
  facet normal 0.634369 0.773031 -0
    outer loop
      vertex 7.91023 47.0195 0
      vertex 7.30301 47.5178 20
      vertex 7.91023 47.0195 20
    endloop
  endfacet
  facet normal 0.634369 0.773031 0
    outer loop
      vertex 7.30301 47.5178 20
      vertex 7.91023 47.0195 0
      vertex 7.30301 47.5178 0
    endloop
  endfacet
  facet normal 0.595642 0.80325 -0
    outer loop
      vertex 7.30301 47.5178 0
      vertex 6.98772 47.7516 20
      vertex 7.30301 47.5178 20
    endloop
  endfacet
  facet normal 0.595642 0.80325 0
    outer loop
      vertex 6.98772 47.7516 20
      vertex 7.30301 47.5178 0
      vertex 6.98772 47.7516 0
    endloop
  endfacet
  facet normal 0.555617 0.831438 -0
    outer loop
      vertex 6.98772 47.7516 0
      vertex 6.33513 48.1877 20
      vertex 6.98772 47.7516 20
    endloop
  endfacet
  facet normal 0.555617 0.831438 0
    outer loop
      vertex 6.33513 48.1877 20
      vertex 6.98772 47.7516 0
      vertex 6.33513 48.1877 0
    endloop
  endfacet
  facet normal 0.514084 0.85774 -0
    outer loop
      vertex 6.33513 48.1877 0
      vertex 5.99843 48.3895 20
      vertex 6.33513 48.1877 20
    endloop
  endfacet
  facet normal 0.514084 0.85774 0
    outer loop
      vertex 5.99843 48.3895 20
      vertex 6.33513 48.1877 0
      vertex 5.99843 48.3895 0
    endloop
  endfacet
  facet normal 0.471417 0.88191 -0
    outer loop
      vertex 5.99843 48.3895 0
      vertex 5.30606 48.7596 20
      vertex 5.99843 48.3895 20
    endloop
  endfacet
  facet normal 0.471417 0.88191 0
    outer loop
      vertex 5.30606 48.7596 20
      vertex 5.99843 48.3895 0
      vertex 5.30606 48.7596 0
    endloop
  endfacet
  facet normal 0.427499 0.904016 -0
    outer loop
      vertex 5.30606 48.7596 0
      vertex 4.95122 48.9274 20
      vertex 5.30606 48.7596 20
    endloop
  endfacet
  facet normal 0.427499 0.904016 0
    outer loop
      vertex 4.95122 48.9274 20
      vertex 5.30606 48.7596 0
      vertex 4.95122 48.9274 0
    endloop
  endfacet
  facet normal 0.382647 0.923895 -0
    outer loop
      vertex 4.95122 48.9274 0
      vertex 4.22591 49.2278 20
      vertex 4.95122 48.9274 20
    endloop
  endfacet
  facet normal 0.382647 0.923895 0
    outer loop
      vertex 4.22591 49.2278 20
      vertex 4.95122 48.9274 0
      vertex 4.22591 49.2278 0
    endloop
  endfacet
  facet normal 0.337014 0.9415 -0
    outer loop
      vertex 4.22591 49.2278 0
      vertex 3.85631 49.3601 20
      vertex 4.22591 49.2278 20
    endloop
  endfacet
  facet normal 0.337014 0.9415 0
    outer loop
      vertex 3.85631 49.3601 20
      vertex 4.22591 49.2278 0
      vertex 3.85631 49.3601 0
    endloop
  endfacet
  facet normal 0.29029 0.956939 -0
    outer loop
      vertex 3.85631 49.3601 0
      vertex 3.10471 49.5881 20
      vertex 3.85631 49.3601 20
    endloop
  endfacet
  facet normal 0.29029 0.956939 0
    outer loop
      vertex 3.10471 49.5881 20
      vertex 3.85631 49.3601 0
      vertex 3.10471 49.5881 0
    endloop
  endfacet
  facet normal 0.242781 0.970081 -0
    outer loop
      vertex 3.10471 49.5881 0
      vertex 2.72392 49.6834 20
      vertex 3.10471 49.5881 20
    endloop
  endfacet
  facet normal 0.242781 0.970081 0
    outer loop
      vertex 2.72392 49.6834 20
      vertex 3.10471 49.5881 0
      vertex 2.72392 49.6834 0
    endloop
  endfacet
  facet normal 0.195101 0.980783 -0
    outer loop
      vertex 2.72392 49.6834 0
      vertex 1.95428 49.8365 20
      vertex 2.72392 49.6834 20
    endloop
  endfacet
  facet normal 0.195101 0.980783 0
    outer loop
      vertex 1.95428 49.8365 20
      vertex 2.72392 49.6834 0
      vertex 1.95428 49.8365 0
    endloop
  endfacet
  facet normal 0.146737 0.989176 -0
    outer loop
      vertex 1.95428 49.8365 0
      vertex 1.56599 49.8941 20
      vertex 1.95428 49.8365 20
    endloop
  endfacet
  facet normal 0.146737 0.989176 0
    outer loop
      vertex 1.56599 49.8941 20
      vertex 1.95428 49.8365 0
      vertex 1.56599 49.8941 0
    endloop
  endfacet
  facet normal 0.0980967 0.995177 -0
    outer loop
      vertex 1.56599 49.8941 0
      vertex 0.784836 49.9711 20
      vertex 1.56599 49.8941 20
    endloop
  endfacet
  facet normal 0.0980967 0.995177 0
    outer loop
      vertex 0.784836 49.9711 20
      vertex 1.56599 49.8941 0
      vertex 0.784836 49.9711 0
    endloop
  endfacet
  facet normal 0.0491676 0.998791 -0
    outer loop
      vertex 0.784836 49.9711 0
      vertex 0.392776 49.9904 20
      vertex 0.784836 49.9711 20
    endloop
  endfacet
  facet normal 0.0491676 0.998791 0
    outer loop
      vertex 0.392776 49.9904 20
      vertex 0.784836 49.9711 0
      vertex 0.392776 49.9904 0
    endloop
  endfacet
  facet normal 0 1 -0
    outer loop
      vertex 0.392776 49.9904 0
      vertex -0.392776 49.9904 20
      vertex 0.392776 49.9904 20
    endloop
  endfacet
  facet normal 0 1 0
    outer loop
      vertex -0.392776 49.9904 20
      vertex 0.392776 49.9904 0
      vertex -0.392776 49.9904 0
    endloop
  endfacet
  facet normal -0.0491676 0.998791 0
    outer loop
      vertex -0.392776 49.9904 0
      vertex -0.784836 49.9711 20
      vertex -0.392776 49.9904 20
    endloop
  endfacet
  facet normal -0.0491676 0.998791 0
    outer loop
      vertex -0.784836 49.9711 20
      vertex -0.392776 49.9904 0
      vertex -0.784836 49.9711 0
    endloop
  endfacet
  facet normal -0.0980967 0.995177 0
    outer loop
      vertex -0.784836 49.9711 0
      vertex -1.56599 49.8941 20
      vertex -0.784836 49.9711 20
    endloop
  endfacet
  facet normal -0.0980967 0.995177 0
    outer loop
      vertex -1.56599 49.8941 20
      vertex -0.784836 49.9711 0
      vertex -1.56599 49.8941 0
    endloop
  endfacet
  facet normal -0.146737 0.989176 0
    outer loop
      vertex -1.56599 49.8941 0
      vertex -1.95428 49.8365 20
      vertex -1.56599 49.8941 20
    endloop
  endfacet
  facet normal -0.146737 0.989176 0
    outer loop
      vertex -1.95428 49.8365 20
      vertex -1.56599 49.8941 0
      vertex -1.95428 49.8365 0
    endloop
  endfacet
  facet normal -0.195101 0.980783 0
    outer loop
      vertex -1.95428 49.8365 0
      vertex -2.72392 49.6834 20
      vertex -1.95428 49.8365 20
    endloop
  endfacet
  facet normal -0.195101 0.980783 0
    outer loop
      vertex -2.72392 49.6834 20
      vertex -1.95428 49.8365 0
      vertex -2.72392 49.6834 0
    endloop
  endfacet
  facet normal -0.242781 0.970081 0
    outer loop
      vertex -2.72392 49.6834 0
      vertex -3.10471 49.5881 20
      vertex -2.72392 49.6834 20
    endloop
  endfacet
  facet normal -0.242781 0.970081 0
    outer loop
      vertex -3.10471 49.5881 20
      vertex -2.72392 49.6834 0
      vertex -3.10471 49.5881 0
    endloop
  endfacet
  facet normal -0.29029 0.956939 0
    outer loop
      vertex -3.10471 49.5881 0
      vertex -3.85631 49.3601 20
      vertex -3.10471 49.5881 20
    endloop
  endfacet
  facet normal -0.29029 0.956939 0
    outer loop
      vertex -3.85631 49.3601 20
      vertex -3.10471 49.5881 0
      vertex -3.85631 49.3601 0
    endloop
  endfacet
  facet normal -0.337014 0.9415 0
    outer loop
      vertex -3.85631 49.3601 0
      vertex -4.22591 49.2278 20
      vertex -3.85631 49.3601 20
    endloop
  endfacet
  facet normal -0.337014 0.9415 0
    outer loop
      vertex -4.22591 49.2278 20
      vertex -3.85631 49.3601 0
      vertex -4.22591 49.2278 0
    endloop
  endfacet
  facet normal -0.382647 0.923895 0
    outer loop
      vertex -4.22591 49.2278 0
      vertex -4.95122 48.9274 20
      vertex -4.22591 49.2278 20
    endloop
  endfacet
  facet normal -0.382647 0.923895 0
    outer loop
      vertex -4.95122 48.9274 20
      vertex -4.22591 49.2278 0
      vertex -4.95122 48.9274 0
    endloop
  endfacet
  facet normal -0.427499 0.904016 0
    outer loop
      vertex -4.95122 48.9274 0
      vertex -5.30606 48.7596 20
      vertex -4.95122 48.9274 20
    endloop
  endfacet
  facet normal -0.427499 0.904016 0
    outer loop
      vertex -5.30606 48.7596 20
      vertex -4.95122 48.9274 0
      vertex -5.30606 48.7596 0
    endloop
  endfacet
  facet normal -0.471417 0.88191 0
    outer loop
      vertex -5.30606 48.7596 0
      vertex -5.99843 48.3895 20
      vertex -5.30606 48.7596 20
    endloop
  endfacet
  facet normal -0.471417 0.88191 0
    outer loop
      vertex -5.99843 48.3895 20
      vertex -5.30606 48.7596 0
      vertex -5.99843 48.3895 0
    endloop
  endfacet
  facet normal -0.514084 0.85774 0
    outer loop
      vertex -5.99843 48.3895 0
      vertex -6.33513 48.1877 20
      vertex -5.99843 48.3895 20
    endloop
  endfacet
  facet normal -0.514084 0.85774 0
    outer loop
      vertex -6.33513 48.1877 20
      vertex -5.99843 48.3895 0
      vertex -6.33513 48.1877 0
    endloop
  endfacet
  facet normal -0.555617 0.831438 0
    outer loop
      vertex -6.33513 48.1877 0
      vertex -6.98772 47.7516 20
      vertex -6.33513 48.1877 20
    endloop
  endfacet
  facet normal -0.555617 0.831438 0
    outer loop
      vertex -6.98772 47.7516 20
      vertex -6.33513 48.1877 0
      vertex -6.98772 47.7516 0
    endloop
  endfacet
  facet normal -0.595642 0.80325 0
    outer loop
      vertex -6.98772 47.7516 0
      vertex -7.30301 47.5178 20
      vertex -6.98772 47.7516 20
    endloop
  endfacet
  facet normal -0.595642 0.80325 0
    outer loop
      vertex -7.30301 47.5178 20
      vertex -6.98772 47.7516 0
      vertex -7.30301 47.5178 0
    endloop
  endfacet
  facet normal -0.634369 0.773031 0
    outer loop
      vertex -7.30301 47.5178 0
      vertex -7.91023 47.0195 20
      vertex -7.30301 47.5178 20
    endloop
  endfacet
  facet normal -0.634369 0.773031 0
    outer loop
      vertex -7.91023 47.0195 20
      vertex -7.30301 47.5178 0
      vertex -7.91023 47.0195 0
    endloop
  endfacet
  facet normal -0.671683 0.740838 0
    outer loop
      vertex -7.91023 47.0195 0
      vertex -8.20108 46.7558 20
      vertex -7.91023 47.0195 20
    endloop
  endfacet
  facet normal -0.671683 0.740838 0
    outer loop
      vertex -8.20108 46.7558 20
      vertex -7.91023 47.0195 0
      vertex -8.20108 46.7558 0
    endloop
  endfacet
  facet normal -0.707069 0.707145 -3.38293e-19
    outer loop
      vertex -8.75584 46.2011 0
      vertex -8.20108 46.7558 20
      vertex -8.20108 46.7558 0
    endloop
  endfacet
  facet normal -0.707069 0.707145 -3.38293e-19
    outer loop
      vertex -8.20108 46.7558 20
      vertex -8.75584 46.2011 0
      vertex -8.75584 46.2011 20
    endloop
  endfacet
  facet normal -0.740985 0.671522 -1.85901e-19
    outer loop
      vertex -9.01947 45.9102 0
      vertex -8.75584 46.2011 20
      vertex -8.75584 46.2011 0
    endloop
  endfacet
  facet normal -0.740985 0.671522 -1.85901e-19
    outer loop
      vertex -8.75584 46.2011 20
      vertex -9.01947 45.9102 0
      vertex -9.01947 45.9102 20
    endloop
  endfacet
  facet normal -0.772996 0.634411 -7.76446e-19
    outer loop
      vertex -9.51781 45.303 0
      vertex -9.01947 45.9102 20
      vertex -9.01947 45.9102 0
    endloop
  endfacet
  facet normal -0.772996 0.634411 -7.76446e-19
    outer loop
      vertex -9.01947 45.9102 20
      vertex -9.51781 45.303 0
      vertex -9.51781 45.303 20
    endloop
  endfacet
  facet normal -0.803235 0.595662 -4.38168e-20
    outer loop
      vertex -9.75163 44.9877 0
      vertex -9.51781 45.303 20
      vertex -9.51781 45.303 0
    endloop
  endfacet
  facet normal -0.803235 0.595662 -4.38168e-20
    outer loop
      vertex -9.51781 45.303 20
      vertex -9.75163 44.9877 0
      vertex -9.75163 44.9877 20
    endloop
  endfacet
  facet normal -0.83146 0.555585 1.10354e-18
    outer loop
      vertex -10.1877 44.3351 0
      vertex -9.75163 44.9877 20
      vertex -9.75163 44.9877 0
    endloop
  endfacet
  facet normal -0.83146 0.555585 1.10354e-18
    outer loop
      vertex -9.75163 44.9877 20
      vertex -10.1877 44.3351 0
      vertex -10.1877 44.3351 20
    endloop
  endfacet
  facet normal -0.85774 0.514084 -8.18668e-19
    outer loop
      vertex -10.3895 43.9984 0
      vertex -10.1877 44.3351 20
      vertex -10.1877 44.3351 0
    endloop
  endfacet
  facet normal -0.85774 0.514084 -8.18668e-19
    outer loop
      vertex -10.1877 44.3351 20
      vertex -10.3895 43.9984 0
      vertex -10.3895 43.9984 20
    endloop
  endfacet
  facet normal -0.859626 0.510924 2.78314e-20
    outer loop
      vertex -10.4232 43.9417 0
      vertex -10.3895 43.9984 20
      vertex -10.3895 43.9984 0
    endloop
  endfacet
  facet normal -0.859626 0.510924 2.78314e-20
    outer loop
      vertex -10.3895 43.9984 20
      vertex -10.4232 43.9417 0
      vertex -10.4232 43.9417 20
    endloop
  endfacet
  facet normal -0.861934 0.50702 -1.35097e-17
    outer loop
      vertex -20.4232 26.9417 0
      vertex -10.4232 43.9417 20
      vertex -10.4232 43.9417 0
    endloop
  endfacet
  facet normal -0.861934 0.50702 -1.35097e-17
    outer loop
      vertex -10.4232 43.9417 20
      vertex -20.4232 26.9417 0
      vertex -20.4232 26.9417 20
    endloop
  endfacet
  facet normal -0.883842 0.467785 -8.62335e-19
    outer loop
      vertex -20.7596 26.3061 0
      vertex -20.4232 26.9417 20
      vertex -20.4232 26.9417 0
    endloop
  endfacet
  facet normal -0.883842 0.467785 -8.62335e-19
    outer loop
      vertex -20.4232 26.9417 20
      vertex -20.7596 26.3061 0
      vertex -20.7596 26.3061 20
    endloop
  endfacet
  facet normal -0.904044 0.42744 -3.81824e-19
    outer loop
      vertex -20.9274 25.9512 0
      vertex -20.7596 26.3061 20
      vertex -20.7596 26.3061 0
    endloop
  endfacet
  facet normal -0.904044 0.42744 -3.81824e-19
    outer loop
      vertex -20.7596 26.3061 20
      vertex -20.9274 25.9512 0
      vertex -20.9274 25.9512 20
    endloop
  endfacet
  facet normal -0.923893 0.382652 -6.29883e-19
    outer loop
      vertex -21.2278 25.2259 0
      vertex -20.9274 25.9512 20
      vertex -20.9274 25.9512 0
    endloop
  endfacet
  facet normal -0.923893 0.382652 -6.29883e-19
    outer loop
      vertex -20.9274 25.9512 20
      vertex -21.2278 25.2259 0
      vertex -21.2278 25.2259 20
    endloop
  endfacet
  facet normal -0.9415 0.337014 4.12972e-19
    outer loop
      vertex -21.3601 24.8563 0
      vertex -21.2278 25.2259 20
      vertex -21.2278 25.2259 0
    endloop
  endfacet
  facet normal -0.9415 0.337014 4.12972e-19
    outer loop
      vertex -21.2278 25.2259 20
      vertex -21.3601 24.8563 0
      vertex -21.3601 24.8563 20
    endloop
  endfacet
  facet normal -0.956939 0.29029 -5.36308e-19
    outer loop
      vertex -21.5881 24.1047 0
      vertex -21.3601 24.8563 20
      vertex -21.3601 24.8563 0
    endloop
  endfacet
  facet normal -0.956939 0.29029 -5.36308e-19
    outer loop
      vertex -21.3601 24.8563 20
      vertex -21.5881 24.1047 0
      vertex -21.5881 24.1047 20
    endloop
  endfacet
  facet normal -0.970083 0.242775 -3.84901e-19
    outer loop
      vertex -21.6834 23.7239 0
      vertex -21.5881 24.1047 20
      vertex -21.5881 24.1047 0
    endloop
  endfacet
  facet normal -0.970083 0.242775 -3.84901e-19
    outer loop
      vertex -21.5881 24.1047 20
      vertex -21.6834 23.7239 0
      vertex -21.6834 23.7239 20
    endloop
  endfacet
  facet normal -0.980781 0.195111 4.98465e-20
    outer loop
      vertex -21.8365 22.9543 0
      vertex -21.6834 23.7239 20
      vertex -21.6834 23.7239 0
    endloop
  endfacet
  facet normal -0.980781 0.195111 4.98465e-20
    outer loop
      vertex -21.6834 23.7239 20
      vertex -21.8365 22.9543 0
      vertex -21.8365 22.9543 20
    endloop
  endfacet
  facet normal -0.989176 0.146733 2.1422e-19
    outer loop
      vertex -21.8941 22.566 0
      vertex -21.8365 22.9543 20
      vertex -21.8365 22.9543 0
    endloop
  endfacet
  facet normal -0.989176 0.146733 2.1422e-19
    outer loop
      vertex -21.8365 22.9543 20
      vertex -21.8941 22.566 0
      vertex -21.8941 22.566 20
    endloop
  endfacet
  facet normal -0.995177 0.098091 -1.99284e-19
    outer loop
      vertex -21.9711 21.7848 0
      vertex -21.8941 22.566 20
      vertex -21.8941 22.566 0
    endloop
  endfacet
  facet normal -0.995177 0.098091 -1.99284e-19
    outer loop
      vertex -21.8941 22.566 20
      vertex -21.9711 21.7848 0
      vertex -21.9711 21.7848 20
    endloop
  endfacet
  facet normal -0.99879 0.0491751 1.06051e-20
    outer loop
      vertex -21.9904 21.3928 0
      vertex -21.9711 21.7848 20
      vertex -21.9711 21.7848 0
    endloop
  endfacet
  facet normal -0.99879 0.0491751 1.06051e-20
    outer loop
      vertex -21.9711 21.7848 20
      vertex -21.9904 21.3928 0
      vertex -21.9904 21.3928 20
    endloop
  endfacet
  facet normal -1 0 0
    outer loop
      vertex -21.9904 20.6072 0
      vertex -21.9904 21.3928 20
      vertex -21.9904 21.3928 0
    endloop
  endfacet
  facet normal -1 -0 0
    outer loop
      vertex -21.9904 21.3928 20
      vertex -21.9904 20.6072 0
      vertex -21.9904 20.6072 20
    endloop
  endfacet
  facet normal -0.99879 -0.0491751 -1.06051e-20
    outer loop
      vertex -21.9711 20.2152 0
      vertex -21.9904 20.6072 20
      vertex -21.9904 20.6072 0
    endloop
  endfacet
  facet normal -0.99879 -0.0491751 -1.06051e-20
    outer loop
      vertex -21.9904 20.6072 20
      vertex -21.9711 20.2152 0
      vertex -21.9711 20.2152 20
    endloop
  endfacet
  facet normal -0.995177 -0.098091 1.99284e-19
    outer loop
      vertex -21.8941 19.434 0
      vertex -21.9711 20.2152 20
      vertex -21.9711 20.2152 0
    endloop
  endfacet
  facet normal -0.995177 -0.098091 1.99284e-19
    outer loop
      vertex -21.9711 20.2152 20
      vertex -21.8941 19.434 0
      vertex -21.8941 19.434 20
    endloop
  endfacet
  facet normal -0.989176 -0.146733 -2.1422e-19
    outer loop
      vertex -21.8365 19.0457 0
      vertex -21.8941 19.434 20
      vertex -21.8941 19.434 0
    endloop
  endfacet
  facet normal -0.989176 -0.146733 -2.1422e-19
    outer loop
      vertex -21.8941 19.434 20
      vertex -21.8365 19.0457 0
      vertex -21.8365 19.0457 20
    endloop
  endfacet
  facet normal -0.980781 -0.195111 -4.98465e-20
    outer loop
      vertex -21.6834 18.2761 0
      vertex -21.8365 19.0457 20
      vertex -21.8365 19.0457 0
    endloop
  endfacet
  facet normal -0.980781 -0.195111 -4.98465e-20
    outer loop
      vertex -21.8365 19.0457 20
      vertex -21.6834 18.2761 0
      vertex -21.6834 18.2761 20
    endloop
  endfacet
  facet normal -0.970083 -0.242775 3.84901e-19
    outer loop
      vertex -21.5881 17.8953 0
      vertex -21.6834 18.2761 20
      vertex -21.6834 18.2761 0
    endloop
  endfacet
  facet normal -0.970083 -0.242775 3.84901e-19
    outer loop
      vertex -21.6834 18.2761 20
      vertex -21.5881 17.8953 0
      vertex -21.5881 17.8953 20
    endloop
  endfacet
  facet normal -0.956939 -0.29029 5.36308e-19
    outer loop
      vertex -21.3601 17.1437 0
      vertex -21.5881 17.8953 20
      vertex -21.5881 17.8953 0
    endloop
  endfacet
  facet normal -0.956939 -0.29029 5.36308e-19
    outer loop
      vertex -21.5881 17.8953 20
      vertex -21.3601 17.1437 0
      vertex -21.3601 17.1437 20
    endloop
  endfacet
  facet normal -0.9415 -0.337014 -4.12972e-19
    outer loop
      vertex -21.2278 16.7741 0
      vertex -21.3601 17.1437 20
      vertex -21.3601 17.1437 0
    endloop
  endfacet
  facet normal -0.9415 -0.337014 -4.12972e-19
    outer loop
      vertex -21.3601 17.1437 20
      vertex -21.2278 16.7741 0
      vertex -21.2278 16.7741 20
    endloop
  endfacet
  facet normal -0.923893 -0.382652 6.29883e-19
    outer loop
      vertex -20.9274 16.0488 0
      vertex -21.2278 16.7741 20
      vertex -21.2278 16.7741 0
    endloop
  endfacet
  facet normal -0.923893 -0.382652 6.29883e-19
    outer loop
      vertex -21.2278 16.7741 20
      vertex -20.9274 16.0488 0
      vertex -20.9274 16.0488 20
    endloop
  endfacet
  facet normal -0.904044 -0.42744 3.81824e-19
    outer loop
      vertex -20.7596 15.6939 0
      vertex -20.9274 16.0488 20
      vertex -20.9274 16.0488 0
    endloop
  endfacet
  facet normal -0.904044 -0.42744 3.81824e-19
    outer loop
      vertex -20.9274 16.0488 20
      vertex -20.7596 15.6939 0
      vertex -20.7596 15.6939 20
    endloop
  endfacet
  facet normal -0.881891 -0.471454 7.45799e-19
    outer loop
      vertex -20.3895 15.0016 0
      vertex -20.7596 15.6939 20
      vertex -20.7596 15.6939 0
    endloop
  endfacet
  facet normal -0.881891 -0.471454 7.45799e-19
    outer loop
      vertex -20.7596 15.6939 20
      vertex -20.3895 15.0016 0
      vertex -20.3895 15.0016 20
    endloop
  endfacet
  facet normal -0.85774 -0.514084 6.46143e-19
    outer loop
      vertex -20.1877 14.6649 0
      vertex -20.3895 15.0016 20
      vertex -20.3895 15.0016 0
    endloop
  endfacet
  facet normal -0.85774 -0.514084 6.46143e-19
    outer loop
      vertex -20.3895 15.0016 20
      vertex -20.1877 14.6649 0
      vertex -20.1877 14.6649 20
    endloop
  endfacet
  facet normal -0.831442 -0.555611 -1.70254e-18
    outer loop
      vertex -19.7516 14.0123 0
      vertex -20.1877 14.6649 20
      vertex -20.1877 14.6649 0
    endloop
  endfacet
  facet normal -0.831442 -0.555611 -1.70254e-18
    outer loop
      vertex -20.1877 14.6649 20
      vertex -19.7516 14.0123 0
      vertex -19.7516 14.0123 20
    endloop
  endfacet
  facet normal -0.803259 -0.59563 6.27947e-19
    outer loop
      vertex -19.5178 13.697 0
      vertex -19.7516 14.0123 20
      vertex -19.7516 14.0123 0
    endloop
  endfacet
  facet normal -0.803259 -0.59563 6.27947e-19
    outer loop
      vertex -19.7516 14.0123 20
      vertex -19.5178 13.697 0
      vertex -19.5178 13.697 20
    endloop
  endfacet
  facet normal -0.773021 -0.634381 6.05068e-19
    outer loop
      vertex -19.0195 13.0898 0
      vertex -19.5178 13.697 20
      vertex -19.5178 13.697 0
    endloop
  endfacet
  facet normal -0.773021 -0.634381 6.05068e-19
    outer loop
      vertex -19.5178 13.697 20
      vertex -19.0195 13.0898 0
      vertex -19.0195 13.0898 20
    endloop
  endfacet
  facet normal -0.740896 -0.67162 1.95777e-19
    outer loop
      vertex -18.7558 12.7989 0
      vertex -19.0195 13.0898 20
      vertex -19.0195 13.0898 0
    endloop
  endfacet
  facet normal -0.740896 -0.67162 1.95777e-19
    outer loop
      vertex -19.0195 13.0898 20
      vertex -18.7558 12.7989 0
      vertex -18.7558 12.7989 20
    endloop
  endfacet
  facet normal -0.707171 -0.707043 -1.43226e-18
    outer loop
      vertex -18.2011 12.2441 0
      vertex -18.7558 12.7989 20
      vertex -18.7558 12.7989 0
    endloop
  endfacet
  facet normal -0.707171 -0.707043 -1.43226e-18
    outer loop
      vertex -18.7558 12.7989 20
      vertex -18.2011 12.2441 0
      vertex -18.2011 12.2441 20
    endloop
  endfacet
  facet normal -0.671425 -0.741073 0
    outer loop
      vertex -18.2011 12.2441 0
      vertex -18 12.0619 20
      vertex -18.2011 12.2441 20
    endloop
  endfacet
  facet normal -0.671425 -0.741073 -0
    outer loop
      vertex -18 12.0619 20
      vertex -18.2011 12.2441 0
      vertex -18 12.0619 0
    endloop
  endfacet
  facet normal -1 0 0
    outer loop
      vertex -18 9 0
      vertex -18 12.0619 20
      vertex -18 12.0619 0
    endloop
  endfacet
  facet normal -1 -0 0
    outer loop
      vertex -18 12.0619 20
      vertex -18 9 0
      vertex -18 9 20
    endloop
  endfacet
  facet normal -0.789352 -0.613941 -7.43576e-18
    outer loop
      vertex -12.5 1.92857 0
      vertex -18 9 20
      vertex -18 9 0
    endloop
  endfacet
  facet normal -0.789352 -0.613941 -7.43576e-18
    outer loop
      vertex -18 9 20
      vertex -12.5 1.92857 0
      vertex -12.5 1.92857 20
    endloop
  endfacet
  facet normal 0.789352 -0.613941 7.43576e-18
    outer loop
      vertex 12.5 1.92857 20
      vertex 18 9 0
      vertex 18 9 20
    endloop
  endfacet
  facet normal 0.789352 -0.613941 7.43576e-18
    outer loop
      vertex 18 9 0
      vertex 12.5 1.92857 20
      vertex 12.5 1.92857 0
    endloop
  endfacet
endsolid OpenSCAD_Model
